No,이미지 파일명,라벨(TXT) 파일명,이미지 유형,원본 BBox 수,최종 BBox 수,Class,TXT 줄 수 = 화면 BBox 수,위치 맞음,Class 맞음,누락 객체 여부,상태,발견된 문제,작성자,검수자,검수일,비고(수정 내용),출처 데이터셋,원래 split
1,250410_144403911987.jpg,250410_144403911987.txt,김치+대상 객체,5,5,6,O,,,,수정 완료,3번 바운딩박스 수정,이후영,김동훈,2026-10-07,,이물검출_학습데이터1,train
2,250410_144449962356.jpg,250410_144449962356.txt,김치+대상 객체,5,5,6,O,,,,수정 완료,"2,3 번 바운딩박스 수정",이후영,김동훈,2026-10-07,검수완,이물검출_학습데이터1,train
3,250410_144834943618.jpg,250410_144834943618.txt,김치+대상 객체,5,6,6,O,,,,수정 완료,"1,2번 수정 및 6번 추가",이후영,김동훈,2026-10-07,,이물검출_학습데이터1,train
4,250410_145037640704.jpg,250410_145037640704.txt,김치+대상 객체,5,6,"2, 6",O,,,,수정 완료,6번 추가,이후영,김동훈,2026-10-07,검수완료,이물검출_학습데이터1,train
5,250410_145316482671.jpg,250410_145316482671.txt,김치+대상 객체,5,5,6,O,,,,검수 완료,,이후영,김동훈,2026-10-07,,이물검출_학습데이터1,train
6,250410_145522054916.jpg,250410_145522054916.txt,김치+대상 객체,4,4,6,O,,,,수정 완료,,이후영,김동훈,2026-10-07,검수완료,이물검출_학습데이터1,train
7,250410_145804344533.jpg,250410_145804344533.txt,김치+대상 객체,5,5,6,O,,,,수정 완료,"1,2,4,5 수정",이후영,김동훈,2026-10-07,검 수 완 료,이물검출_학습데이터1,train
8,250410_150040264734.jpg,250410_150040264734.txt,김치+대상 객체,5,5,6,O,,,,수정 완료,,이후영,김동훈,2026-10-07,,이물검출_학습데이터1,train
9,250410_150133469509.jpg,250410_150133469509.txt,김치+대상 객체,5,5,6,O,,,,검수 완료,,이후영,김동훈,2026-10-07,,이물검출_학습데이터1,train
10,250410_150216388445.jpg,250410_150216388445.txt,김치+대상 객체,5,5,6,O,,,,수정 완료,,이후영,김동훈,2026-10-07,,이물검출_학습데이터1,train
11,250410_150306918269.jpg,250410_150306918269.txt,김치+대상 객체,5,5,6,O,,,,수정 완료,,이후영,김동훈,2026-10-07,,이물검출_학습데이터1,train
12,250410_150346868183.jpg,250410_150346868183.txt,김치+대상 객체,5,5,6,O,,,,검수 완료,,이후영,김동훈,2026-10-07,,이물검출_학습데이터1,train
13,250410_150427011255.jpg,250410_150427011255.txt,김치+대상 객체,5,5,6,O,,,,수정 완료,2번 수정,이후영,김동훈,2026-10-07,,이물검출_학습데이터1,train
14,250410_150516419769.jpg,250410_150516419769.txt,김치+대상 객체,5,5,6,O,,,,검수 완료,,이후영,김동훈,2026-10-07,,이물검출_학습데이터1,train
15,250410_150559581998.jpg,250410_150559581998.txt,김치+대상 객체,5,5,6,O,,,,검수 완료,,이후영,김동훈,2026-10-07,,이물검출_학습데이터1,train
16,250410_150635306503.jpg,250410_150635306503.txt,김치+대상 객체,5,6,"2, 6",O,,,,수정 완료,6번 추가,이후영,김동훈,2026-10-07,,이물검출_학습데이터1,train
17,250410_150808416709.jpg,250410_150808416709.txt,김치+대상 객체,5,5,6,O,,,,수정 완료,3번 수,이후영,김동훈,2026-10-07,,이물검출_학습데이터1,train
18,250410_150848922166.jpg,250410_150848922166.txt,김치+대상 객체,5,5,6,O,,,,수정 완료,"3,4,5번 수",이후영,김동훈,2026-10-07,,이물검출_학습데이터1,train
19,250410_150949043386.jpg,250410_150949043386.txt,김치+대상 객체,5,5,6,O,,,,수정 완료,4번 수,이후영,김동훈,2026-10-07,,이물검출_학습데이터1,train
20,250410_151029696229.jpg,250410_151029696229.txt,김치+대상 객체,5,5,6,O,,,,수정 완료,"1,2,4번 수정",이후영,김동훈,2026-10-07,,이물검출_학습데이터1,train
21,250410_151139983231.jpg,250410_151139983231.txt,김치+대상 객체,5,5,6,O,,,,검수 완료,,이후영,김동훈,2026-10-07,,이물검출_학습데이터1,train
22,250410_151231944374.jpg,250410_151231944374.txt,김치+대상 객체,5,5,6,O,,,,수정 완료,"1,2,3,4,5 수정",이후영,김동훈,2026-10-07,,이물검출_학습데이터1,train
23,250410_151304603268.jpg,250410_151304603268.txt,김치+대상 객체,5,5,6,O,,,,수정 완료,"4,5 수정",이후영,김동훈,2026-10-07,,이물검출_학습데이터1,train
24,250410_151341801257.jpg,250410_151341801257.txt,김치+대상 객체,5,5,6,O,,,,수정 완료,"1,2,3,4 수정",이후영,김동훈,2026-10-07,,이물검출_학습데이터1,train
25,250410_151431800368.jpg,250410_151431800368.txt,김치+대상 객체,5,5,6,O,,,,수정 완료,"1,3 수정",이후영,김동훈,2026-10-07,,이물검출_학습데이터1,train
26,250410_151504600233.jpg,250410_151504600233.txt,김치+대상 객체,5,5,6,O,,,,수정 완료,"2,3,4 수정",이후영,김동훈,2026-10-07,,이물검출_학습데이터1,train
27,250410_151546165963.jpg,250410_151546165963.txt,김치+대상 객체,5,5,6,O,,,,수정 완료,"2,3 수정",이후영,김동훈,2026-10-07,,이물검출_학습데이터1,train
28,250410_151631868173.jpg,250410_151631868173.txt,김치+대상 객체,5,5,6,O,,,,수정 완료,3번 수정,이후영,김동훈,2026-10-07,,이물검출_학습데이터1,train
29,250410_151713908283.jpg,250410_151713908283.txt,김치+대상 객체,5,5,6,O,,,,수정 완료,"3,4,5 수정",이후영,김동훈,2026-10-07,,이물검출_학습데이터1,train
30,250410_151754102631.jpg,250410_151754102631.txt,김치+대상 객체,5,5,6,O,,,,검수 완료,,이후영,김동훈,2026-10-07,,이물검출_학습데이터1,train
31,250410_151920880325.jpg,250410_151920880325.txt,김치+대상 객체,5,5,6,O,,,,수정 완료,"1,4,5 수정",이후영,김동훈,2026-10-07,,이물검출_학습데이터1,train
32,250410_152120483994.jpg,250410_152120483994.txt,김치+대상 객체,5,5,6,O,,,,수정 완료,,이후영,김동훈,2026-10-07,,이물검출_학습데이터1,train
33,250410_152232188708.jpg,250410_152232188708.txt,김치+대상 객체,5,5,6,O,,,,검수 완료,,이후영,김동훈,2026-10-07,,이물검출_학습데이터1,train
34,250410_152308081822.jpg,250410_152308081822.txt,김치+대상 객체,5,5,6,O,,,,수정 완료,"2,4 수정",이후영,김동훈,2026-10-07,,이물검출_학습데이터1,train
35,250410_152339920357.jpg,250410_152339920357.txt,김치+대상 객체,5,5,6,O,,,,수정 완료,"1,3,4,5 수정",이후영,김동훈,2026-10-07,,이물검출_학습데이터1,train
36,250410_152413150828.jpg,250410_152413150828.txt,김치+대상 객체,5,5,6,O,,,,수정 완료,"3,4,5번 수정",이후영,김동훈,2026-10-07,,이물검출_학습데이터1,train
37,250410_152606438450.jpg,250410_152606438450.txt,김치+대상 객체,5,5,6,O,,,,수정 완료,"2,4,5 수정",이후영,김동훈,2026-10-07,,이물검출_학습데이터1,train
38,250410_152647794740.jpg,250410_152647794740.txt,김치+대상 객체,5,5,6,O,,,,수정 완료,1번 수정,이후영,김동훈,2026-10-07,,이물검출_학습데이터1,train
39,250410_152727057876.jpg,250410_152727057876.txt,김치+대상 객체,5,5,6,O,,,,수정 완료,3번 수정,이후영,김동훈,2026-10-07,,이물검출_학습데이터1,train
40,250410_152802371370.jpg,250410_152802371370.txt,김치+대상 객체,5,5,6,O,,,,수정 완료,"1,3 번 수정",이후영,김동훈,2026-10-07,,이물검출_학습데이터1,train
41,250410_155009160971.jpg,250410_155009160971.txt,김치+대상 객체,5,5,1,O,,,,수정 완료,3번 수정,이후영,김동훈,2026-10-07,,이물검출_학습데이터1,train
42,250410_155526034625.jpg,250410_155526034625.txt,김치+대상 객체,5,5,1,O,,,,수정 완료,1번 수정,이후영,김동훈,2026-10-07,,이물검출_학습데이터1,train
43,250410_155601084144.jpg,250410_155601084144.txt,김치+대상 객체,5,5,1,O,,,,수정 완료,"2,3,5 수정",이후영,김동훈,2026-10-07,,이물검출_학습데이터1,train
44,250410_155641957140.jpg,250410_155641957140.txt,김치+대상 객체,5,5,1,O,,,,검수 완료,,이후영,김동훈,2026-10-07,,이물검출_학습데이터1,train
45,250410_155826598654.jpg,250410_155826598654.txt,김치+대상 객체,5,5,1,O,,,,수정 완료,2번 수정,이후영,김동훈,2026-10-07,,이물검출_학습데이터1,train
46,250410_155901509386.jpg,250410_155901509386.txt,김치+대상 객체,5,5,1,O,,,,검수 완료,,이후영,김동훈,2026-10-07,,이물검출_학습데이터1,train
47,250410_160021775802.jpg,250410_160021775802.txt,김치+대상 객체,5,5,1,O,,,,수정 완료,,이후영,김동훈,2026-10-07,,이물검출_학습데이터1,train
48,250410_160112679219.jpg,250410_160112679219.txt,김치+대상 객체,5,5,1,O,,,,수정 완료,"2,3,4,5 수정",이후영,김동훈,2026-10-07,,이물검출_학습데이터1,train
49,250410_165645848530.jpg,250410_165645848530.txt,김치+대상 객체,5,5,1,O,,,,수정 완료,5번 수정,이후영,김동훈,2026-10-07,,이물검출_학습데이터1,train
50,250410_165759582289.jpg,250410_165759582289.txt,김치+대상 객체,5,5,1,O,,,,검수 완료,,이후영,김동훈,2026-10-07,,이물검출_학습데이터1,train
51,250410_165840226763.jpg,250410_165840226763.txt,김치+대상 객체,5,5,1,O,,,,검수 완료,,이후영,김동훈,2026-10-07,,이물검출_학습데이터1,train
52,250410_165918398621.jpg,250410_165918398621.txt,김치+대상 객체,5,5,1,O,,,,검수 완료,,이후영,김동훈,2026-10-07,,이물검출_학습데이터1,train
53,250410_170124048539.jpg,250410_170124048539.txt,김치+대상 객체,5,5,1,O,,,,검수 완료,,이후영,김동훈,2026-10-07,,이물검출_학습데이터1,train
54,250410_170204849002.jpg,250410_170204849002.txt,김치+대상 객체,5,5,1,O,,,,검수 완료,,이후영,김동훈,2026-10-07,,이물검출_학습데이터1,train
55,250410_170257620893.jpg,250410_170257620893.txt,김치+대상 객체,5,5,1,O,,,,검수 완료,,이후영,김동훈,2026-10-07,,이물검출_학습데이터1,train
56,250410_170345204621.jpg,250410_170345204621.txt,김치+대상 객체,5,5,1,O,,,,검수 완료,,이후영,김동훈,2026-10-07,,이물검출_학습데이터1,train
57,250410_170436151500.jpg,250410_170436151500.txt,김치+대상 객체,5,5,1,O,,,,수정 완료,4번 수정,이후영,김동훈,2026-10-07,,이물검출_학습데이터1,train
58,250410_170523246924.jpg,250410_170523246924.txt,김치+대상 객체,5,5,1,O,,,,검수 완료,,이후영,김동훈,2026-10-07,,이물검출_학습데이터1,train
59,250410_170605462218.jpg,250410_170605462218.txt,김치+대상 객체,5,5,1,O,,,,검수 완료,,이후영,김동훈,2026-10-07,,이물검출_학습데이터1,train
60,250410_170658904840.jpg,250410_170658904840.txt,김치+대상 객체,5,5,1,O,,,,검수 완료,,이후영,김동훈,2026-10-07,,이물검출_학습데이터1,train
61,250410_171043114194.jpg,250410_171043114194.txt,김치+대상 객체,5,5,"0, 1",O,,,,검수 완료,,이후영,김동훈,2026-10-07,,이물검출_학습데이터1,train
62,250410_171242763678.jpg,250410_171242763678.txt,김치+대상 객체,5,5,"0, 1, 2",O,,,,검수 완료,,이후영,김동훈,2026-10-07,,이물검출_학습데이터1,train
63,250410_171329931220.jpg,250410_171329931220.txt,김치+대상 객체,5,5,"0, 1, 2",O,,,,검수 완료,,이후영,김동훈,2026-10-07,,이물검출_학습데이터1,train
64,250410_171618401098.jpg,250410_171618401098.txt,김치+대상 객체,5,5,"1, 2",O,,,,검수 완료,,이후영,김동훈,2026-10-07,,이물검출_학습데이터1,train
65,250410_171711703137.jpg,250410_171711703137.txt,김치+대상 객체,5,5,"1, 2",O,,,,검수 완료,,이후영,김동훈,2026-10-07,,이물검출_학습데이터1,train
66,250410_171954431319.jpg,250410_171954431319.txt,김치+대상 객체,5,5,"0, 1, 2",O,,,,검수 완료,,이후영,김동훈,2026-10-07,,이물검출_학습데이터1,train
67,250410_172041141763.jpg,250410_172041141763.txt,김치+대상 객체,5,5,"0, 1, 2",O,,,,검수 완료,,이후영,김동훈,2026-10-07,,이물검출_학습데이터1,train
68,250410_172124374052.jpg,250410_172124374052.txt,김치+대상 객체,4,4,"1, 2",O,,,,검수 완료,,이후영,김동훈,2026-10-07,,이물검출_학습데이터1,train
69,250410_172202967252.jpg,250410_172202967252.txt,김치+대상 객체,5,5,"0, 1, 2",O,,,,수정 완료,3번 수정함,이후영,김동훈,2026-10-07,,이물검출_학습데이터1,train
70,250410_172249187179.jpg,250410_172249187179.txt,김치+대상 객체,5,5,"0, 1, 2",O,,,,검수 완료,,이후영,김동훈,2026-10-07,,이물검출_학습데이터1,train
71,250410_172509481867.jpg,250410_172509481867.txt,김치+대상 객체,5,5,1,O,,,,검수 완료,,이후영,김동훈,2026-10-07,,이물검출_학습데이터1,train
72,250410_172553110670.jpg,250410_172553110670.txt,김치+대상 객체,5,5,1,O,,,,수정 완료,3번 수정,이후영,김동훈,2026-10-07,,이물검출_학습데이터1,train
73,250410_172731889723.jpg,250410_172731889723.txt,김치+대상 객체,5,5,"1, 3",O,,,,검수 완료,,이후영,김동훈,2026-10-07,,이물검출_학습데이터1,train
74,250410_172921255820.jpg,250410_172921255820.txt,김치+대상 객체,5,5,"1, 3",O,,,,검수 완료,,이후영,김동훈,2026-10-07,,이물검출_학습데이터1,train
75,250410_173012631688.jpg,250410_173012631688.txt,김치+대상 객체,5,5,"1, 3",O,,,,검수 완료,,이후영,김동훈,2026-10-07,,이물검출_학습데이터1,train
76,250410_173104200591.jpg,250410_173104200591.txt,김치+대상 객체,5,5,"1, 3",O,,,,검수 완료,,이후영,김동훈,2026-10-07,,이물검출_학습데이터1,train
77,250410_173307709999.jpg,250410_173307709999.txt,김치+대상 객체,5,5,"0, 1, 2",O,,,,검수 완료,,이후영,김동훈,2026-10-07,,이물검출_학습데이터1,train
78,250410_173355965733.jpg,250410_173355965733.txt,김치+대상 객체,5,5,"0, 1, 2",O,,,,검수 완료,,이후영,김동훈,2026-10-07,,이물검출_학습데이터1,train
79,250410_173453546970.jpg,250410_173453546970.txt,김치+대상 객체,5,5,"0, 1, 2",O,,,,검수 완료,,이후영,김동훈,2026-10-07,,이물검출_학습데이터1,train
80,250410_173647327410.jpg,250410_173647327410.txt,김치+대상 객체,5,4,"0, 1, 2",O,,,,수정 완료,중앙 작은 풀떼기 나뭇가지,이후영,김동훈,2026-10-07,,이물검출_학습데이터1,train
81,250410_174241672560.jpg,250410_174241672560.txt,김치+대상 객체,5,5,2,O,,,,검수 완료,,이후영,김동훈,2026-10-07,,이물검출_학습데이터1,train
82,250410_174322665070.jpg,250410_174322665070.txt,김치+대상 객체,5,5,2,O,,,,검수 완료,,이후영,김동훈,2026-10-07,,이물검출_학습데이터1,train
83,250410_174414309990.jpg,250410_174414309990.txt,김치+대상 객체,5,5,2,O,,,,검수 완료,,이후영,김동훈,2026-10-07,,이물검출_학습데이터1,train
84,250410_174507760057.jpg,250410_174507760057.txt,김치+대상 객체,5,5,2,O,,,,검수 완료,,이후영,김동훈,2026-10-07,,이물검출_학습데이터1,train
85,250410_174607125731.jpg,250410_174607125731.txt,김치+대상 객체,5,5,2,O,,,,검수 완료,,이후영,김동훈,2026-10-07,,이물검출_학습데이터1,train
86,250410_174656591360.jpg,250410_174656591360.txt,김치+대상 객체,5,5,2,O,,,,검수 완료,,이후영,김동훈,2026-10-07,,이물검출_학습데이터1,train
87,250410_174748966576.jpg,250410_174748966576.txt,김치+대상 객체,5,5,2,O,,,,검수 완료,,이후영,김동훈,2026-10-07,,이물검출_학습데이터1,train
88,250410_174844662623.jpg,250410_174844662623.txt,김치+대상 객체,5,5,2,O,,,,검수 완료,,이후영,김동훈,2026-10-07,,이물검출_학습데이터1,train
89,250410_175036549862.jpg,250410_175036549862.txt,김치+대상 객체,5,5,2,O,,,,검수 완료,,이후영,김동훈,2026-10-07,,이물검출_학습데이터1,train
90,250410_175222116316.jpg,250410_175222116316.txt,김치+대상 객체,5,5,2,O,,,,검수 완료,,이후영,김동훈,2026-10-07,,이물검출_학습데이터1,train
91,250410_175401330493.jpg,250410_175401330493.txt,김치+대상 객체,5,5,2,O,,,,검수 완료,,이후영,김동훈,2026-10-07,,이물검출_학습데이터1,train
92,250410_175444219123.jpg,250410_175444219123.txt,김치+대상 객체,5,5,2,O,,,,검수 완료,,이후영,김동훈,2026-10-07,,이물검출_학습데이터1,train
93,250410_175705326258.jpg,250410_175705326258.txt,김치+대상 객체,5,5,2,O,,,,검수 완료,,이후영,김동훈,2026-10-07,,이물검출_학습데이터1,train
94,250410_175800961256.jpg,250410_175800961256.txt,김치+대상 객체,5,5,2,O,,,,검수 완료,,이후영,김동훈,2026-10-07,,이물검출_학습데이터1,train
95,250410_175933697183.jpg,250410_175933697183.txt,김치+대상 객체,5,5,2,O,,,,검수 완료,,이후영,김동훈,2026-10-07,,이물검출_학습데이터1,train
96,250410_180203619316.jpg,250410_180203619316.txt,김치+대상 객체,5,5,2,O,,,,검수 완료,,이후영,김동훈,2026-10-07,,이물검출_학습데이터1,train
97,250410_180417359391.jpg,250410_180417359391.txt,김치+대상 객체,5,5,2,O,,,,검수 완료,,이후영,김동훈,2026-10-07,,이물검출_학습데이터1,train
98,250410_180500624542.jpg,250410_180500624542.txt,김치+대상 객체,5,5,2,O,,,,검수 완료,,이후영,김동훈,2026-10-07,,이물검출_학습데이터1,train
99,250410_180642000478.jpg,250410_180642000478.txt,김치+대상 객체,5,5,"0, 1, 2",O,,,,검수 완료,,이후영,김동훈,2026-10-07,,이물검출_학습데이터1,train
100,250410_180721146468.jpg,250410_180721146468.txt,김치+대상 객체,5,5,"0, 1, 2",O,,,,검수 완료,,이후영,김동훈,2026-10-07,,이물검출_학습데이터1,train
101,250410_180800068444.jpg,250410_180800068444.txt,김치+대상 객체,5,5,"0, 1, 2",O,,,,검수 완료,,이후영,김동훈,2026-10-07,,이물검출_학습데이터1,train
102,250410_180838247546.jpg,250410_180838247546.txt,김치+대상 객체,5,5,"0, 1, 2",O,,,,검수 완료,,이후영,김동훈,2026-10-07,,이물검출_학습데이터1,train
103,250410_180910324799.jpg,250410_180910324799.txt,김치+대상 객체,5,5,"0, 1, 2",O,,,,검수 완료,,이후영,김동훈,2026-10-07,,이물검출_학습데이터1,train
104,250410_181045535509.jpg,250410_181045535509.txt,김치+대상 객체,5,5,"1, 2",O,,,,검수 완료,,이후영,김동훈,2026-10-07,,이물검출_학습데이터1,train
105,250410_181140480178.jpg,250410_181140480178.txt,김치+대상 객체,5,5,"1, 2",O,,,,검수 완료,,이후영,김동훈,2026-10-07,,이물검출_학습데이터1,train
106,250410_181223026123.jpg,250410_181223026123.txt,김치+대상 객체,5,5,"1, 2",O,,,,검수 완료,,이후영,김동훈,2026-10-07,,이물검출_학습데이터1,train
107,250410_181352268335.jpg,250410_181352268335.txt,김치+대상 객체,5,5,"1, 2",O,,,,검수 완료,,이후영,김동훈,2026-10-07,,이물검출_학습데이터1,train
108,250410_181650625647.jpg,250410_181650625647.txt,김치+대상 객체,5,5,"1, 2, 3",O,,,,검수 완료,,이후영,김동훈,2026-10-07,,이물검출_학습데이터1,train
109,250410_181811462137.jpg,250410_181811462137.txt,김치+대상 객체,5,5,"1, 2, 3",O,,,,검수 완료,,이후영,김동훈,2026-10-07,,이물검출_학습데이터1,train
110,250410_182251586507.jpg,250410_182251586507.txt,김치+대상 객체,5,5,"1, 2",O,,,,검수 완료,,이후영,김동훈,2026-10-07,,이물검출_학습데이터1,train
111,250410_182340189473.jpg,250410_182340189473.txt,김치+대상 객체,5,5,"1, 2",O,,,,검수 완료,,이후영,김동훈,2026-10-07,,이물검출_학습데이터1,train
112,250410_182427975624.jpg,250410_182427975624.txt,김치+대상 객체,5,5,"1, 2",O,,,,검수 완료,,이후영,김동훈,2026-10-07,,이물검출_학습데이터1,train
113,250410_182623838600.jpg,250410_182623838600.txt,김치+대상 객체,5,5,"0, 2",O,,,,검수 완료,,이후영,김동훈,2026-10-07,,이물검출_학습데이터1,train
114,250410_182706284064.jpg,250410_182706284064.txt,김치+대상 객체,5,5,"0, 2",O,,,,검수 완료,,이후영,김동훈,2026-10-07,,이물검출_학습데이터1,train
115,250410_182749738751.jpg,250410_182749738751.txt,김치+대상 객체,5,5,"0, 2",O,,,,검수 완료,,이후영,김동훈,2026-10-07,,이물검출_학습데이터1,train
116,250411_092511506342.jpg,250411_092511506342.txt,김치+대상 객체,5,5,1,O,,,,검수 완료,,이후영,김동훈,2026-10-07,,이물검출_학습데이터1,train
117,250411_092851295826.jpg,250411_092851295826.txt,김치+대상 객체,5,5,1,O,,,,검수 완료,,이후영,김동훈,2026-10-07,,이물검출_학습데이터1,train
118,250411_092955630580.jpg,250411_092955630580.txt,김치+대상 객체,5,5,1,O,,,,검수 완료,,이후영,김동훈,2026-10-07,,이물검출_학습데이터1,train
119,250411_093403074817.jpg,250411_093403074817.txt,김치+대상 객체,5,5,1,O,,,,검수 완료,,이후영,김동훈,2026-10-07,,이물검출_학습데이터1,train
120,250411_093439164001.jpg,250411_093439164001.txt,김치+대상 객체,5,5,1,O,,,,검수 완료,,이후영,김동훈,2026-10-07,,이물검출_학습데이터1,train
121,250411_093616913584.jpg,250411_093616913584.txt,김치+대상 객체,5,5,1,O,,,,검수 완료,,손상우,김동훈,2026-10-07,,이물검출_학습데이터1,train
122,250411_093700427956.jpg,250411_093700427956.txt,김치+대상 객체,5,5,1,O,,,,검수 완료,,손상우,김동훈,2026-10-07,,이물검출_학습데이터1,train
123,250411_093822949037.jpg,250411_093822949037.txt,김치+대상 객체,5,5,1,O,,,,검수 완료,,손상우,김동훈,2026-10-07,,이물검출_학습데이터1,train
124,250411_093901909722.jpg,250411_093901909722.txt,김치+대상 객체,5,5,1,O,,,,검수 완료,,손상우,김동훈,2026-10-07,,이물검출_학습데이터1,train
125,250411_093947029472.jpg,250411_093947029472.txt,김치+대상 객체,5,5,1,O,,,,검수 완료,,손상우,김동훈,2026-10-07,,이물검출_학습데이터1,train
126,250411_094027390387.jpg,250411_094027390387.txt,김치+대상 객체,5,5,1,O,,,,검수 완료,,손상우,김동훈,2026-10-07,,이물검출_학습데이터1,train
127,250411_094117478009.jpg,250411_094117478009.txt,김치+대상 객체,5,5,1,O,,,,검수 완료,,손상우,김동훈,2026-10-07,,이물검출_학습데이터1,train
128,250411_094214912155.jpg,250411_094214912155.txt,김치+대상 객체,5,5,1,O,,,,검수 완료,,손상우,김동훈,2026-10-07,,이물검출_학습데이터1,train
129,250411_094354631616.jpg,250411_094354631616.txt,김치+대상 객체,5,5,1,O,,,,검수 완료,,손상우,김동훈,2026-10-07,,이물검출_학습데이터1,train
130,250411_094447587115.jpg,250411_094447587115.txt,김치+대상 객체,5,5,1,O,,,,검수 완료,,손상우,김동훈,2026-10-07,,이물검출_학습데이터1,train
131,250411_094548003041.jpg,250411_094548003041.txt,김치+대상 객체,5,5,1,O,,,,검수 완료,,손상우,김동훈,2026-10-07,,이물검출_학습데이터1,train
132,250411_095020396284.jpg,250411_095020396284.txt,김치+대상 객체,5,5,"1, 2",O,,,,검수 완료,,손상우,김동훈,2026-10-07,,이물검출_학습데이터1,train
133,250411_095114999624.jpg,250411_095114999624.txt,김치+대상 객체,5,5,1,O,,,,검수 완료,,손상우,김동훈,2026-10-07,,이물검출_학습데이터1,train
134,250411_095211804856.jpg,250411_095211804856.txt,김치+대상 객체,5,5,"1, 2",O,,,,검수 완료,,손상우,김동훈,2026-10-07,,이물검출_학습데이터1,train
135,250411_095307375377.jpg,250411_095307375377.txt,김치+대상 객체,5,5,"0, 1",O,,,,검수 완료,,손상우,김동훈,2026-10-07,,이물검출_학습데이터1,train
136,250411_095447313719.jpg,250411_095447313719.txt,김치+대상 객체,5,5,1,O,,,,검수 완료,,손상우,김동훈,2026-10-07,,이물검출_학습데이터1,train
137,250411_095542189491.jpg,250411_095542189491.txt,김치+대상 객체,5,5,1,O,,,,검수 완료,,손상우,김동훈,2026-10-07,,이물검출_학습데이터1,train
138,250411_095626998091.jpg,250411_095626998091.txt,김치+대상 객체,5,5,1,O,,,,검수 완료,,손상우,김동훈,2026-10-07,,이물검출_학습데이터1,train
139,250411_095715404683.jpg,250411_095715404683.txt,김치+대상 객체,5,5,"0, 1",O,,,,검수 완료,,손상우,김동훈,2026-10-07,,이물검출_학습데이터1,train
140,250411_095802178687.jpg,250411_095802178687.txt,김치+대상 객체,5,5,"1, 3",O,,,,검수 완료,,손상우,김동훈,2026-10-07,,이물검출_학습데이터1,train
141,250411_095845387065.jpg,250411_095845387065.txt,김치+대상 객체,5,8,"1, 3, 5",O,,,,수정 완료,갈변 발견,손상우,김동훈,2026-10-07,,이물검출_학습데이터1,train
142,250411_100024779062.jpg,250411_100024779062.txt,김치+대상 객체,5,5,"1, 2, 3",O,,,,검수 완료,,손상우,김동훈,2026-10-07,,이물검출_학습데이터1,train
143,250411_100114230398.jpg,250411_100114230398.txt,김치+대상 객체,5,5,"1, 3",O,,,,검수 완료,,손상우,김동훈,2026-10-07,,이물검출_학습데이터1,train
144,250411_100243218238.jpg,250411_100243218238.txt,김치+대상 객체,5,5,"0, 1, 2",O,,,,검수 완료,,손상우,김동훈,2026-10-07,,이물검출_학습데이터1,train
145,250411_100327766278.jpg,250411_100327766278.txt,김치+대상 객체,5,5,"0, 1, 3",O,,,,검수 완료,,손상우,김동훈,2026-10-07,,이물검출_학습데이터1,train
146,250411_100413893857.jpg,250411_100413893857.txt,김치+대상 객체,5,5,1,O,,,,검수 완료,,손상우,김동훈,2026-10-07,,이물검출_학습데이터1,train
147,250411_100456783421.jpg,250411_100456783421.txt,김치+대상 객체,5,5,"1, 2, 3",O,,,,검수 완료,,손상우,김동훈,2026-10-07,,이물검출_학습데이터1,train
148,250411_100540938085.jpg,250411_100540938085.txt,김치+대상 객체,5,6,"1, 5",O,,,,수정 완료,갈변발견,손상우,김동훈,2026-10-07,,이물검출_학습데이터1,train
149,250411_100623192554.jpg,250411_100623192554.txt,김치+대상 객체,5,5,1,O,,,,검수 완료,,손상우,김동훈,2026-10-07,,이물검출_학습데이터1,train
150,250411_100709985238.jpg,250411_100709985238.txt,김치+대상 객체,5,5,"1, 2, 3",O,,,,검수 완료,,손상우,김동훈,2026-10-07,,이물검출_학습데이터1,train
151,250411_100751575116.jpg,250411_100751575116.txt,김치+대상 객체,5,5,"0, 1",O,,,,검수 완료,,손상우,김동훈,2026-10-07,,이물검출_학습데이터1,train
152,250411_100841614300.jpg,250411_100841614300.txt,김치+대상 객체,5,5,"0, 1, 2",O,,,,검수 완료,,손상우,김동훈,2026-10-07,,이물검출_학습데이터1,train
153,250411_104332904696.jpg,250411_104332904696.txt,김치+대상 객체,5,5,1,O,,,,검수 완료,,손상우,김동훈,2026-10-07,,이물검출_학습데이터1,train
154,250411_104451670998.jpg,250411_104451670998.txt,김치+대상 객체,4,4,1,O,,,,검수 완료,,손상우,김동훈,2026-10-07,,이물검출_학습데이터1,train
155,250411_104529041399.jpg,250411_104529041399.txt,김치+대상 객체,5,5,1,O,,,,검수 완료,,손상우,김동훈,2026-10-07,,이물검출_학습데이터1,train
156,250411_104605859828.jpg,250411_104605859828.txt,김치+대상 객체,5,5,1,O,,,,검수 완료,,손상우,김동훈,2026-10-07,,이물검출_학습데이터1,train
157,250411_104639578731.jpg,250411_104639578731.txt,김치+대상 객체,5,5,1,O,,,,검수 완료,,손상우,김동훈,2026-10-07,,이물검출_학습데이터1,train
158,250411_104754825896.jpg,250411_104754825896.txt,김치+대상 객체,5,5,1,O,,,,검수 완료,,손상우,김동훈,2026-10-07,,이물검출_학습데이터1,train
159,250411_104839535885.jpg,250411_104839535885.txt,김치+대상 객체,5,5,1,O,,,,검수 완료,,손상우,김동훈,2026-10-07,,이물검출_학습데이터1,train
160,250411_104919108350.jpg,250411_104919108350.txt,김치+대상 객체,5,5,1,O,,,,검수 완료,,손상우,김동훈,2026-10-07,,이물검출_학습데이터1,train
161,250411_105029820007.jpg,250411_105029820007.txt,김치+대상 객체,5,5,1,O,,,,검수 완료,,손상우,김동훈,2026-10-07,,이물검출_학습데이터1,train
162,250411_105105168397.jpg,250411_105105168397.txt,김치+대상 객체,5,5,1,O,,,,검수 완료,,손상우,김동훈,2026-10-07,,이물검출_학습데이터1,train
163,250411_105141558000.jpg,250411_105141558000.txt,김치+대상 객체,5,5,1,O,,,,검수 완료,,손상우,김동훈,2026-10-07,,이물검출_학습데이터1,train
164,250411_105218591549.jpg,250411_105218591549.txt,김치+대상 객체,5,5,1,O,,,,검수 완료,,손상우,김동훈,2026-10-07,,이물검출_학습데이터1,train
165,250411_105254272584.jpg,250411_105254272584.txt,김치+대상 객체,5,5,1,O,,,,검수 완료,,손상우,김동훈,2026-10-07,,이물검출_학습데이터1,train
166,250411_105330424099.jpg,250411_105330424099.txt,김치+대상 객체,5,5,1,O,,,,검수 완료,,손상우,김동훈,2026-10-07,,이물검출_학습데이터1,train
167,250411_105411000658.jpg,250411_105411000658.txt,김치+대상 객체,5,5,1,O,,,,검수 완료,,손상우,김동훈,2026-10-07,,이물검출_학습데이터1,train
168,250411_105453593325.jpg,250411_105453593325.txt,김치+대상 객체,5,5,1,O,,,,검수 완료,,손상우,김동훈,2026-10-07,,이물검출_학습데이터1,train
169,250411_105617386414.jpg,250411_105617386414.txt,김치+대상 객체,4,5,1,O,,,,수정 완료,,손상우,김동훈,2026-10-07,,이물검출_학습데이터1,train
170,250411_105659553370.jpg,250411_105659553370.txt,김치+대상 객체,5,5,1,O,,,,검수 완료,,손상우,김동훈,2026-10-07,,이물검출_학습데이터1,train
171,250411_105736419426.jpg,250411_105736419426.txt,김치+대상 객체,5,5,1,O,,,,검수 완료,,손상우,김동훈,2026-10-07,,이물검출_학습데이터1,train
172,250411_105818677104.jpg,250411_105818677104.txt,김치+대상 객체,5,6,"1, 5",O,,,,수정 완료,갈변발견,손상우,김동훈,2026-10-07,,이물검출_학습데이터1,train
173,250411_105859449687.jpg,250411_105859449687.txt,김치+대상 객체,5,6,"1, 5",O,,,,수정 완료,갈?변,손상우,김동훈,2026-10-07,,이물검출_학습데이터1,train
174,250411_105944783561.jpg,250411_105944783561.txt,김치+대상 객체,5,5,1,O,,,,검수 완료,,손상우,김동훈,2026-10-07,,이물검출_학습데이터1,train
175,250411_110128241504.jpg,250411_110128241504.txt,김치+대상 객체,5,6,"1, 5",O,,,,수정 완료,병해,손상우,김동훈,2026-10-07,,이물검출_학습데이터1,train
176,250411_110216046156.jpg,250411_110216046156.txt,김치+대상 객체,5,5,"0, 1, 2, 3",O,,,,검수 완료,,손상우,김동훈,2026-10-07,,이물검출_학습데이터1,train
177,250411_110315830870.jpg,250411_110315830870.txt,김치+대상 객체,5,5,"1, 2",O,,,,검수 완료,,손상우,김동훈,2026-10-07,,이물검출_학습데이터1,train
178,250411_110403647899.jpg,250411_110403647899.txt,김치+대상 객체,5,5,"0, 1, 2, 3",O,,,,검수 완료,,손상우,김동훈,2026-10-07,,이물검출_학습데이터1,train
179,250411_110445062074.jpg,250411_110445062074.txt,김치+대상 객체,5,6,"1, 2, 5",O,,,,수정 완료,갈변,손상우,김동훈,2026-10-07,,이물검출_학습데이터1,train
180,250411_110528408973.jpg,250411_110528408973.txt,판단 어려움,5,6,"1, 3, 5",O,,,,수정 완료,뭔가 발견했는데 뭔지 모르겠음,손상우,김동훈,2026-10-07,,이물검출_학습데이터1,train
181,250411_110621247330.jpg,250411_110621247330.txt,김치+대상 객체,5,6,"0, 1, 2",O,,,,수정 완료,뭔가 별견했는데 뭔지 모르겠음,손상우,김동훈,2026-10-07,,이물검출_학습데이터1,train
182,250411_110708889349.jpg,250411_110708889349.txt,김치+대상 객체,5,5,"0, 1, 2",O,,,,검수 완료,,손상우,김동훈,2026-10-07,,이물검출_학습데이터1,train
183,250411_110752793773.jpg,250411_110752793773.txt,김치+대상 객체,5,5,"0, 1, 2, 3",O,,,,검수 완료,,손상우,김동훈,2026-10-07,,이물검출_학습데이터1,train
184,250411_110912420662.jpg,250411_110912420662.txt,김치+대상 객체,5,5,"1, 2",O,,,,검수 완료,,손상우,김동훈,2026-10-07,,이물검출_학습데이터1,train
185,250411_111048457647.jpg,250411_111048457647.txt,김치+대상 객체,5,6,"0, 1, 2, 5",O,,,,수정 완료,갈변,손상우,김동훈,2026-10-07,,이물검출_학습데이터1,train
186,250411_111224174351.jpg,250411_111224174351.txt,김치+대상 객체,5,5,"0, 1, 3",O,,,,검수 완료,,손상우,김동훈,2026-10-07,,이물검출_학습데이터1,train
187,250411_111358192719.jpg,250411_111358192719.txt,김치+대상 객체,5,5,"1, 2, 3",O,,,,검수 완료,,손상우,김동훈,2026-10-07,,이물검출_학습데이터1,train
188,250411_111523441250.jpg,250411_111523441250.txt,김치+대상 객체,5,5,"0, 1",O,,,,검수 완료,,손상우,김동훈,2026-10-07,,이물검출_학습데이터1,train
189,250411_111607753620.jpg,250411_111607753620.txt,김치+대상 객체,5,5,"1, 3",O,,,,검수 완료,,손상우,김동훈,2026-10-07,,이물검출_학습데이터1,train
190,250411_111804424043.jpg,250411_111804424043.txt,김치+대상 객체,5,5,"1, 2",O,,,,검수 완료,,손상우,김동훈,2026-10-07,,이물검출_학습데이터1,train
191,250411_111841310699.jpg,250411_111841310699.txt,김치+대상 객체,5,5,"0, 1, 2",O,,,,검수 완료,,손상우,김동훈,2026-10-07,,이물검출_학습데이터1,train
192,250411_111931684327.jpg,250411_111931684327.txt,김치+대상 객체,5,5,"1, 2",O,,,,검수 완료,,손상우,김동훈,2026-10-07,,이물검출_학습데이터1,train
193,250411_112016533939.jpg,250411_112016533939.txt,김치+대상 객체,6,6,"0, 1, 2",O,,,,검수 완료,,손상우,김동훈,2026-10-07,,이물검출_학습데이터1,train
194,250411_112108693050.jpg,250411_112108693050.txt,김치+대상 객체,5,5,"1, 2, 3",O,,,,검수 완료,,손상우,김동훈,2026-10-07,,이물검출_학습데이터1,train
195,250411_112539453476.jpg,250411_112539453476.txt,김치+대상 객체,5,6,1,O,,,,수정 완료,1번 추가 우측상단,손상우,김동훈,2026-10-07,,이물검출_학습데이터1,train
196,250411_112619535807.jpg,250411_112619535807.txt,김치+대상 객체,5,5,1,O,,,,검수 완료,,손상우,김동훈,2026-10-07,,이물검출_학습데이터1,train
197,250411_112949853261.jpg,250411_112949853261.txt,김치+대상 객체,5,5,1,O,,,,검수 완료,,손상우,김동훈,2026-10-07,,이물검출_학습데이터1,train
198,250411_113033634859.jpg,250411_113033634859.txt,김치+대상 객체,5,6,1,O,,,,수정 완료,1번태그 2개 조그마한거 추가,손상우,김동훈,2026-10-07,,이물검출_학습데이터1,train
199,250411_113112105032.jpg,250411_113112105032.txt,김치+대상 객체,5,5,1,O,,,,검수 완료,1번 조그마한거 추가 2개,손상우,김동훈,2026-10-07,,이물검출_학습데이터1,train
200,250411_113153017884.jpg,250411_113153017884.txt,김치+대상 객체,5,6,1,O,,,,수정 완료,1번 클래스 추가 조그마한거 6개,손상우,김동훈,2026-10-07,,이물검출_학습데이터1,train
201,250411_113241070555.jpg,250411_113241070555.txt,김치+대상 객체,5,5,1,O,,,,검수 완료,,손상우,김동훈,2026-10-07,,이물검출_학습데이터1,train
202,250411_113335977212.jpg,250411_113335977212.txt,김치+대상 객체,5,5,1,O,,,,검수 완료,1번 클래스 추가 3개,손상우,김동훈,2026-10-07,,이물검출_학습데이터1,train
203,250411_113422187938.jpg,250411_113422187938.txt,김치+대상 객체,5,5,1,O,,,,검수 완료,1번 클래스 추가 2개,손상우,김동훈,2026-10-07,,이물검출_학습데이터1,train
204,250411_113548636483.jpg,250411_113548636483.txt,김치+대상 객체,5,5,1,O,,,,검수 완료,1번클래스 추가,손상우,김동훈,2026-10-07,,이물검출_학습데이터1,train
205,250411_113626826177.jpg,250411_113626826177.txt,김치+대상 객체,5,5,1,O,,,,검수 완료,1번클래스 추가 3개,손상우,김동훈,2026-10-07,,이물검출_학습데이터1,train
206,250411_113710947633.jpg,250411_113710947633.txt,김치+대상 객체,5,5,1,O,,,,검수 완료,1번 클래스 추가,손상우,김동훈,2026-10-07,,이물검출_학습데이터1,train
207,250411_113808387570.jpg,250411_113808387570.txt,김치+대상 객체,5,5,1,O,,,,검수 완료,1번 클래스 추가,손상우,김동훈,2026-10-07,,이물검출_학습데이터1,train
208,250411_113959391025.jpg,250411_113959391025.txt,김치+대상 객체,5,5,1,O,,,,검수 완료,1번 클래스 추가,손상우,김동훈,2026-10-07,,이물검출_학습데이터1,train
209,250411_114051394051.jpg,250411_114051394051.txt,김치+대상 객체,5,5,1,O,,,,검수 완료,,손상우,김동훈,2026-10-07,,이물검출_학습데이터1,train
210,250411_114148498012.jpg,250411_114148498012.txt,김치+대상 객체,5,5,1,O,,,,수정 완료,1번 클래스 추가 박스 크기 살짝 조절함,손상우,김동훈,2026-10-07,,이물검출_학습데이터1,train
211,250411_114252525628.jpg,250411_114252525628.txt,김치+대상 객체,5,6,"1, 5",O,,,,수정 완료,1번 4번 클래스 추가,손상우,김동훈,2026-10-07,,이물검출_학습데이터1,train
212,250411_114345771169.jpg,250411_114345771169.txt,김치+대상 객체,5,5,1,O,,,,검수 완료,1번 클래스 추가,손상우,김동훈,2026-10-07,,이물검출_학습데이터1,train
213,250411_114451800273.jpg,250411_114451800273.txt,김치+대상 객체,5,5,1,O,,,,검수 완료,1번 클래스 추가,손상우,김동훈,2026-10-07,,이물검출_학습데이터1,train
214,250411_114554364192.jpg,250411_114554364192.txt,김치+대상 객체,5,5,1,O,,,,검수 완료,1번 클래스 추가,손상우,김동훈,2026-10-07,,이물검출_학습데이터1,train
215,250411_133000176335.jpg,250411_133000176335.txt,김치+대상 객체,5,5,1,O,,,,수정 완료,"박스크기 수정 ,",손상우,김동훈,2026-10-07,,이물검출_학습데이터1,train
216,250411_133144794149.jpg,250411_133144794149.txt,김치+대상 객체,5,6,"1, 3, 5",O,,,,수정 완료,"갈변,1번 추가",손상우,김동훈,2026-10-07,,이물검출_학습데이터1,train
217,250411_133236119624.jpg,250411_133236119624.txt,김치+대상 객체,5,5,"1, 2",O,,,,검수 완료,,손상우,김동훈,2026-10-07,,이물검출_학습데이터1,train
218,250411_133329581087.jpg,250411_133329581087.txt,김치+대상 객체,5,5,"1, 2, 3",O,,,,검수 완료,1번추가,손상우,김동훈,2026-10-07,,이물검출_학습데이터1,train
219,250411_133415890554.jpg,250411_133415890554.txt,김치+대상 객체,5,6,"0, 1, 2",O,,,,수정 완료,,손상우,김동훈,2026-10-07,,이물검출_학습데이터1,train
220,250411_133502277094.jpg,250411_133502277094.txt,김치+대상 객체,5,5,"1, 2, 3",O,,,,검수 완료,,손상우,김동훈,2026-10-07,,이물검출_학습데이터1,train
221,250411_133550188212.jpg,250411_133550188212.txt,김치+대상 객체,5,6,"1, 3, 5",O,,,,수정 완료,"1번추가 , 갈변 추가",손상우,김동훈,2026-10-07,,이물검출_학습데이터1,train
222,250411_133634777214.jpg,250411_133634777214.txt,김치+대상 객체,5,6,"1, 5",O,,,,수정 완료,"1번추가 , 갈변",손상우,김동훈,2026-10-07,,이물검출_학습데이터1,train
223,250411_133724174349.jpg,250411_133724174349.txt,김치+대상 객체,5,5,"1, 2",O,,,,검수 완료,1번태그,손상우,김동훈,2026-10-07,,이물검출_학습데이터1,train
224,250411_133957480847.jpg,250411_133957480847.txt,김치+대상 객체,5,5,"1, 2",O,,,,검수 완료,1번 추가,손상우,김동훈,2026-10-07,,이물검출_학습데이터1,train
225,250411_134059250467.jpg,250411_134059250467.txt,김치+대상 객체,5,5,"1, 2, 3",O,,,,검수 완료,1번 추가,손상우,김동훈,2026-10-07,,이물검출_학습데이터1,train
226,250411_134246962589.jpg,250411_134246962589.txt,김치+대상 객체,5,5,"1, 3",O,,,,검수 완료,,손상우,김동훈,2026-10-07,,이물검출_학습데이터1,train
227,250411_134422867708.jpg,250411_134422867708.txt,김치+대상 객체,5,5,"1, 2",O,,,,검수 완료,1번추가,손상우,김동훈,2026-10-07,,이물검출_학습데이터1,train
228,250411_134515221630.jpg,250411_134515221630.txt,김치+대상 객체,7,8,"0, 1, 2, 3",O,,,,수정 완료,"1번 추가 , 나뭇잎 발견",손상우,김동훈,2026-10-07,,이물검출_학습데이터1,train
229,250411_134605181933.jpg,250411_134605181933.txt,김치+대상 객체,5,5,"1, 2, 3",O,,,,검수 완료,,손상우,김동훈,2026-10-07,,이물검출_학습데이터1,train
230,250411_134654281384.jpg,250411_134654281384.txt,김치+대상 객체,5,6,"0, 1, 3, 5",O,,,,수정 완료,"병해 , 1번추가",손상우,김동훈,2026-10-07,,이물검출_학습데이터1,train
231,250411_134741200055.jpg,250411_134741200055.txt,김치+대상 객체,5,5,"1, 2",O,,,,검수 완료,,손상우,김동훈,2026-10-07,,이물검출_학습데이터1,train
232,250411_134833730976.jpg,250411_134833730976.txt,김치+대상 객체,5,5,"1, 2",O,,,,검수 완료,1번 추가,손상우,김동훈,2026-10-07,,이물검출_학습데이터1,train
233,250411_135120060204.jpg,250411_135120060204.txt,김치+대상 객체,5,5,"1, 2, 3",O,,,,검수 완료,1번추가,손상우,김동훈,2026-10-07,,이물검출_학습데이터1,train
234,250411_135211530132.jpg,250411_135211530132.txt,김치+대상 객체,5,5,"1, 2",O,,,,검수 완료,1번추가,손상우,김동훈,2026-10-07,,이물검출_학습데이터1,train
235,250411_135253570383.jpg,250411_135253570383.txt,김치+대상 객체,5,5,"1, 2",O,,,,검수 완료,1번추가,손상우,김동훈,2026-10-07,,이물검출_학습데이터1,train
236,250411_135341531808.jpg,250411_135341531808.txt,김치+대상 객체,5,5,"0, 1",O,,,,검수 완료,1번추가,손상우,김동훈,2026-10-07,,이물검출_학습데이터1,train
237,250411_140005265446.jpg,250411_140005265446.txt,김치+대상 객체,5,5,1,O,,,,검수 완료,1번추가,손상우,김동훈,2026-10-07,,이물검출_학습데이터1,train
238,250411_140059718969.jpg,250411_140059718969.txt,김치+대상 객체,5,5,1,O,,,,검수 완료,1번 추가,손상우,김동훈,2026-10-07,,이물검출_학습데이터1,train
239,250411_140154662081.jpg,250411_140154662081.txt,김치+대상 객체,5,5,1,O,,,,검수 완료,,손상우,김동훈,2026-10-07,,이물검출_학습데이터1,train
240,250411_140314154941.jpg,250411_140314154941.txt,김치+대상 객체,5,5,1,O,,,,검수 완료,1번추가,손상우,김동훈,2026-10-07,,이물검출_학습데이터1,train
241,250411_140452731605.jpg,250411_140452731605.txt,김치+대상 객체,5,5,1,O,,,,검수 완료,,강동연,김동훈,2026-10-07,,이물검출_학습데이터1,train
242,250411_140553670865.jpg,250411_140553670865.txt,김치+대상 객체,5,5,1,O,,,,검수 완료,6 플라스틱,강동연,김동훈,2026-10-07,,이물검출_학습데이터1,train
243,250411_140647006979.jpg,250411_140647006979.txt,김치+대상 객체,5,5,1,O,,,,검수 완료,,강동연,김동훈,2026-10-07,,이물검출_학습데이터1,train
244,250411_140734845588.jpg,250411_140734845588.txt,김치+대상 객체,5,5,1,O,,,,검수 완료,,강동연,김동훈,2026-10-07,,이물검출_학습데이터1,train
245,250411_140826997754.jpg,250411_140826997754.txt,김치+대상 객체,5,5,1,O,,,,검수 완료,,강동연,김동훈,2026-10-07,,이물검출_학습데이터1,train
246,250411_140908232349.jpg,250411_140908232349.txt,김치+대상 객체,5,5,1,O,,,,검수 완료,,강동연,김동훈,2026-10-07,,이물검출_학습데이터1,train
247,250411_140956814957.jpg,250411_140956814957.txt,김치+대상 객체,5,6,1,O,,,,수정 완료,6 플라스틱,강동연,김동훈,2026-10-07,검수할때 확인필요,이물검출_학습데이터1,train
248,250411_141042153876.jpg,250411_141042153876.txt,김치+대상 객체,5,5,1,O,,,,검수 완료,6 플라스틱,강동연,김동훈,2026-10-07,,이물검출_학습데이터1,train
249,250411_141717372582.jpg,250411_141717372582.txt,김치+대상 객체,5,5,1,O,,,,검수 완료,,강동연,김동훈,2026-10-07,,이물검출_학습데이터1,train
250,250411_141809689183.jpg,250411_141809689183.txt,김치+대상 객체,5,5,1,O,,,,검수 완료,,강동연,김동훈,2026-10-07,,이물검출_학습데이터1,train
251,250411_141859877677.jpg,250411_141859877677.txt,김치+대상 객체,5,5,1,O,,,,검수 완료,,강동연,김동훈,2026-10-07,,이물검출_학습데이터1,train
252,250411_141947463304.jpg,250411_141947463304.txt,김치+대상 객체,5,6,1,O,,,,수정 완료,6 플라스틱,강동연,김동훈,2026-10-07,,이물검출_학습데이터1,train
253,250411_142033408182.jpg,250411_142033408182.txt,김치+대상 객체,5,5,1,O,,,,검수 완료,,강동연,김동훈,2026-10-07,,이물검출_학습데이터1,train
254,250411_142123259727.jpg,250411_142123259727.txt,김치+대상 객체,5,5,1,O,,,,검수 완료,,강동연,김동훈,2026-10-07,,이물검출_학습데이터1,train
255,250411_142216814830.jpg,250411_142216814830.txt,김치+대상 객체,5,5,1,O,,,,검수 완료,,강동연,김동훈,2026-10-07,,이물검출_학습데이터1,train
256,250411_142304725518.jpg,250411_142304725518.txt,김치+대상 객체,5,5,1,O,,,,검수 완료,,강동연,김동훈,2026-10-07,,이물검출_학습데이터1,train
257,250411_142354319596.jpg,250411_142354319596.txt,김치+대상 객체,5,5,1,O,,,,검수 완료,,강동연,김동훈,2026-10-07,,이물검출_학습데이터1,train
258,250411_151707909443.jpg,250411_151707909443.txt,김치+대상 객체,5,5,1,O,,,,검수 완료,,강동연,김동훈,2026-10-07,,이물검출_학습데이터1,train
259,250411_151803199511.jpg,250411_151803199511.txt,김치+대상 객체,5,5,"1, 5",O,,,,검수 완료,,강동연,김동훈,2026-10-07,,이물검출_학습데이터1,train
260,250411_151903234059.jpg,250411_151903234059.txt,김치+대상 객체,5,6,"1, 2, 5",O,,,,수정 완료,6 병해 갈변,강동연,김동훈,2026-10-07,,이물검출_학습데이터1,train
261,250411_152011813992.jpg,250411_152011813992.txt,김치+대상 객체,5,5,"1, 2, 5",O,,,,검수 완료,"6 플라스틱, 7 갈변",강동연,김동훈,2026-10-07,,이물검출_학습데이터1,train
262,250411_152117347333.jpg,250411_152117347333.txt,김치+대상 객체,5,5,"0, 1, 3, 5",O,,,,검수 완료,6 나뭇잎,강동연,김동훈,2026-10-07,애매한듯 넣을지 말지 검수할때 확정필요,이물검출_학습데이터1,train
263,250411_152216764651.jpg,250411_152216764651.txt,김치+대상 객체,5,6,"0, 1, 2, 3",O,,,,수정 완료,"6 플라스틱, 7나뭇잎",강동연,김동훈,2026-10-07,"플라스틱이 빛인지 구분이 안감, 나뭇잎인지 갈변인지 애매함",이물검출_학습데이터1,train
264,250411_152317457996.jpg,250411_152317457996.txt,김치+대상 객체,5,5,"1, 2, 5",O,,,,검수 완료,,강동연,김동훈,2026-10-07,,이물검출_학습데이터1,train
265,250411_152410462673.jpg,250411_152410462673.txt,김치+대상 객체,5,5,"0, 1",O,,,,검수 완료,,강동연,김동훈,2026-10-07,,이물검출_학습데이터1,train
266,250411_152459280077.jpg,250411_152459280077.txt,김치+대상 객체,5,6,"1, 5",O,,,,수정 완료,6 갈변,강동연,김동훈,2026-10-07,,이물검출_학습데이터1,train
267,250411_152549760336.jpg,250411_152549760336.txt,김치+대상 객체,5,6,"1, 2, 3, 5",O,,,,수정 완료,6 갈변,강동연,김동훈,2026-10-07,,이물검출_학습데이터1,train
268,250411_152640864385.jpg,250411_152640864385.txt,김치+대상 객체,5,6,"1, 2, 3, 5",O,,,,수정 완료,"(6,7)갈변",강동연,김동훈,2026-10-07,,이물검출_학습데이터1,train
269,250411_152729639809.jpg,250411_152729639809.txt,김치+대상 객체,5,5,"1, 3",O,,,,검수 완료,,강동연,김동훈,2026-10-07,,이물검출_학습데이터1,train
270,250411_152918560135.jpg,250411_152918560135.txt,김치+대상 객체,5,6,"1, 2, 5",O,,,,수정 완료,6 갈변,강동연,김동훈,2026-10-07,,이물검출_학습데이터1,train
271,250411_153008984132.jpg,250411_153008984132.txt,김치+대상 객체,5,5,"0, 1, 3",O,,,,검수 완료,,강동연,김동훈,2026-10-07,,이물검출_학습데이터1,train
272,250411_153105900410.jpg,250411_153105900410.txt,김치+대상 객체,5,5,1,O,,,,검수 완료,,강동연,김동훈,2026-10-07,,이물검출_학습데이터1,train
273,250411_153202843304.jpg,250411_153202843304.txt,김치+대상 객체,5,5,"1, 2, 5",O,,,,검수 완료,,강동연,김동훈,2026-10-07,,이물검출_학습데이터1,train
274,250411_153351252246.jpg,250411_153351252246.txt,김치+대상 객체,5,5,"1, 2, 3",O,,,,검수 완료,,강동연,김동훈,2026-10-07,,이물검출_학습데이터1,train
275,250411_153708642128.jpg,250411_153708642128.txt,김치+대상 객체,5,6,"0, 1, 2, 5",O,,,,수정 완료,6 갈변,강동연,김동훈,2026-10-07,,이물검출_학습데이터1,train
276,250411_153808979651.jpg,250411_153808979651.txt,김치+대상 객체,5,5,"1, 3",O,,,,검수 완료,,강동연,김동훈,2026-10-07,,이물검출_학습데이터1,train
277,250411_153940519769.jpg,250411_153940519769.txt,김치+대상 객체,5,6,"1, 2, 5",O,,,,수정 완료,6 갈변,강동연,김동훈,2026-10-07,,이물검출_학습데이터1,train
278,250411_154031477357.jpg,250411_154031477357.txt,김치+대상 객체,5,5,"0, 1, 2",O,,,,검수 완료,6 플라스틱,강동연,김동훈,2026-10-07,,이물검출_학습데이터1,train
279,250411_154123030062.jpg,250411_154123030062.txt,김치+대상 객체,5,5,"1, 3",O,,,,검수 완료,,강동연,김동훈,2026-10-07,,이물검출_학습데이터1,train
280,250411_154545289934.jpg,250411_154545289934.txt,김치+대상 객체,5,5,5,O,,,,검수 완료,,강동연,김동훈,2026-10-07,,이물검출_학습데이터1,train
281,250411_154632400103.jpg,250411_154632400103.txt,김치+대상 객체,5,6,5,O,,,,수정 완료,6 갈변,강동연,김동훈,2026-10-07,,이물검출_학습데이터1,train
282,250411_154812203890.jpg,250411_154812203890.txt,김치+대상 객체,5,5,5,O,,,,검수 완료,,강동연,김동훈,2026-10-07,,이물검출_학습데이터1,train
283,250411_154949761626.jpg,250411_154949761626.txt,김치+대상 객체,5,6,5,O,,,,수정 완료,6 갈변,강동연,김동훈,2026-10-07,,이물검출_학습데이터1,train
284,250411_155040808617.jpg,250411_155040808617.txt,김치+대상 객체,5,6,5,O,,,,수정 완료,6 갈변,강동연,김동훈,2026-10-07,,이물검출_학습데이터1,train
285,250411_155128186558.jpg,250411_155128186558.txt,김치+대상 객체,5,6,5,O,,,,수정 완료,6 갈변,강동연,김동훈,2026-10-07,,이물검출_학습데이터1,train
286,250411_155257817932.jpg,250411_155257817932.txt,김치+대상 객체,5,6,5,O,,,,수정 완료,6 갈변,강동연,김동훈,2026-10-07,,이물검출_학습데이터1,train
287,250411_155343382262.jpg,250411_155343382262.txt,김치+대상 객체,6,6,5,O,,,,검수 완료,,강동연,김동훈,2026-10-07,,이물검출_학습데이터1,train
288,250411_155428154120.jpg,250411_155428154120.txt,김치+대상 객체,6,7,5,O,,,,수정 완료,7 갈변,강동연,김동훈,2026-10-07,,이물검출_학습데이터1,train
289,250411_155518151067.jpg,250411_155518151067.txt,김치+대상 객체,5,5,5,O,,,,검수 완료,,강동연,김동훈,2026-10-07,,이물검출_학습데이터1,train
290,250411_155607936718.jpg,250411_155607936718.txt,김치+대상 객체,5,6,5,O,,,,수정 완료,6 갈변,강동연,김동훈,2026-10-07,,이물검출_학습데이터1,train
291,250411_155701963331.jpg,250411_155701963331.txt,김치+대상 객체,5,7,"1, 5",O,,,,수정 완료,"6,7 플라스틱",강동연,김동훈,2026-10-07,,이물검출_학습데이터1,train
292,250411_155751552207.jpg,250411_155751552207.txt,김치+대상 객체,5,5,5,O,,,,검수 완료,,강동연,김동훈,2026-10-07,,이물검출_학습데이터1,train
293,250411_155836164875.jpg,250411_155836164875.txt,김치+대상 객체,5,6,"1, 5",O,,,,수정 완료,"플라스틱,나뭇가지",손상우,김동훈,2026-10-07,,이물검출_학습데이터1,train
294,250411_155922338003.jpg,250411_155922338003.txt,김치+대상 객체,5,6,5,O,,,,수정 완료,"플라스틱 , 병해 갈변",손상우,김동훈,2026-10-07,,이물검출_학습데이터1,train
295,250411_160015579183.jpg,250411_160015579183.txt,김치+대상 객체,5,5,5,O,,,,검수 완료,플라스틱,손상우,김동훈,2026-10-07,,이물검출_학습데이터1,train
296,250411_160102367806.jpg,250411_160102367806.txt,김치+대상 객체,5,6,5,O,,,,수정 완료,"플라스틱, 병해 갈변",손상우,김동훈,2026-10-07,,이물검출_학습데이터1,train
297,250411_160154461519.jpg,250411_160154461519.txt,김치+대상 객체,5,7,5,O,,,,수정 완료,병해갈변,손상우,김동훈,2026-10-07,,이물검출_학습데이터1,train
298,250411_160242359691.jpg,250411_160242359691.txt,김치+대상 객체,5,5,5,O,,,,검수 완료,,손상우,김동훈,2026-10-07,,이물검출_학습데이터1,train
299,250411_160457010505.jpg,250411_160457010505.txt,김치+대상 객체,5,6,"1, 5",O,,,,수정 완료,플라스틱,손상우,김동훈,2026-10-07,,이물검출_학습데이터1,train
300,250411_160552248555.jpg,250411_160552248555.txt,김치+대상 객체,5,5,5,O,,,,검수 완료,,손상우,김동훈,2026-10-07,,이물검출_학습데이터1,train
301,250411_160638581161.jpg,250411_160638581161.txt,김치+대상 객체,5,5,5,O,,,,검수 완료,병해 갈변,손상우,이후영,2026-10-07,,이물검출_학습데이터1,train
302,250411_160736641056.jpg,250411_160736641056.txt,김치+대상 객체,5,5,"1, 2, 5",O,,,,검수 완료,,손상우,이후영,2026-10-07,,이물검출_학습데이터1,train
303,250411_160944442902.jpg,250411_160944442902.txt,김치+대상 객체,5,5,"1, 2, 5",O,,,,검수 완료,,손상우,이후영,2026-10-07,,이물검출_학습데이터1,train
304,250411_161041048519.jpg,250411_161041048519.txt,김치+대상 객체,5,5,"1, 2, 5",O,,,,검수 완료,,손상우,이후영,2026-10-07,,이물검출_학습데이터1,train
305,250411_161335497942.jpg,250411_161335497942.txt,김치+대상 객체,5,5,"1, 2, 5",O,,,,검수 완료,,손상우,이후영,2026-10-07,,이물검출_학습데이터1,train
306,250411_161459121635.jpg,250411_161459121635.txt,김치+대상 객체,5,5,"1, 2, 5",O,,,,검수 완료,,손상우,이후영,2026-10-07,,이물검출_학습데이터1,train
307,250411_161601751564.jpg,250411_161601751564.txt,김치+대상 객체,5,6,"2, 3, 5",O,,,,수정 완료,병해 갈변,손상우,이후영,2026-10-07,,이물검출_학습데이터1,train
308,250411_161718524589.jpg,250411_161718524589.txt,김치+대상 객체,5,5,"1, 2, 5",O,,,,검수 완료,병해 갈변,손상우,이후영,2026-10-07,,이물검출_학습데이터1,train
309,250411_161815507507.jpg,250411_161815507507.txt,김치+대상 객체,5,6,"1, 2, 5",O,,,,검수 완료,병해 갈변,손상우,이후영,2026-10-07,,이물검출_학습데이터1,train
310,250411_161918392744.jpg,250411_161918392744.txt,김치+대상 객체,5,6,"1, 5",O,,,,검수 완료,플라스틱,손상우,이후영,2026-10-07,,이물검출_학습데이터1,train
311,250411_162212242373.jpg,250411_162212242373.txt,김치+대상 객체,5,5,"1, 5",O,,,,검수 완료,,손상우,이후영,2026-10-07,,이물검출_학습데이터1,train
312,250411_162312139510.jpg,250411_162312139510.txt,김치+대상 객체,5,8,"1, 2, 3, 5",O,,,,검수 완료,플라스틱,손상우,이후영,2026-10-07,,이물검출_학습데이터1,train
313,250411_162447162532.jpg,250411_162447162532.txt,김치+대상 객체,5,7,"1, 2, 5",O,,,,검수 완료,"플라스틱,  병해 갈변",손상우,이후영,2026-10-07,,이물검출_학습데이터1,train
314,250411_162756223396.jpg,250411_162756223396.txt,김치+대상 객체,5,6,"3, 5",O,,,,수정 완료,병해 갈변,손상우,이후영,2026-10-07,,이물검출_학습데이터1,train
315,250411_162929801419.jpg,250411_162929801419.txt,김치+대상 객체,5,6,"1, 5",O,,,,수정 완료,"플라스틱, 병해 갈변",손상우,이후영,2026-10-07,,이물검출_학습데이터1,train
316,250411_163007238647.jpg,250411_163007238647.txt,김치+대상 객체,5,5,"1, 5",O,,,,검수 완료,나뭇가지,손상우,이후영,2026-10-07,,이물검출_학습데이터1,train
317,250411_163054857361.jpg,250411_163054857361.txt,김치+대상 객체,5,6,"1, 2, 5",O,,,,수정 완료,플라스틱,손상우,이후영,2026-10-07,,이물검출_학습데이터1,train
318,250411_163141810871.jpg,250411_163141810871.txt,김치+대상 객체,5,5,"3, 5",O,,,,검수 완료,병해 갈변,손상우,이후영,2026-10-07,,이물검출_학습데이터1,train
319,250424_105909724238.jpg,250424_105909724238.txt,김치+대상 객체,5,5,2,O,,,,검수 완료,"병해 갈변,",손상우,이후영,2026-10-07,,이물검출_학습데이터1,train
320,250424_110118712995.jpg,250424_110118712995.txt,김치+대상 객체,5,6,"1, 2",O,,,,검수 완료,플라스틱,손상우,이후영,2026-10-07,,이물검출_학습데이터1,train
321,250424_110200584818.jpg,250424_110200584818.txt,김치+대상 객체,6,6,2,O,,,,검수 완료,,손상우,이후영,2026-10-07,,이물검출_학습데이터1,train
322,250424_110233789711.jpg,250424_110233789711.txt,김치+대상 객체,5,5,2,O,,,,검수 완료,나뭇가지,손상우,이후영,2026-10-07,,이물검출_학습데이터1,train
323,250424_110456428256.jpg,250424_110456428256.txt,김치+대상 객체,5,6,"2, 5",O,,,,수정 완료,병해 갈변,손상우,이후영,2026-10-07,,이물검출_학습데이터1,train
324,250424_110523358494.jpg,250424_110523358494.txt,김치+대상 객체,5,5,2,O,,,,검수 완료,,손상우,이후영,2026-10-07,,이물검출_학습데이터1,train
325,250424_110555963740.jpg,250424_110555963740.txt,김치+대상 객체,5,7,"2, 5",O,,,,수정 완료,"병해 갈변 , 나뭇가지 , 플라스틱",손상우,이후영,2026-10-07,,이물검출_학습데이터1,train
326,250424_110621146818.jpg,250424_110621146818.txt,김치+대상 객체,5,7,"2, 5",O,,,,수정 완료,병해 갈변,손상우,이후영,2026-10-07,,이물검출_학습데이터1,train
327,250424_110645745568.jpg,250424_110645745568.txt,김치+대상 객체,5,5,2,O,,,,검수 완료,"나뭇가지,",손상우,이후영,2026-10-07,,이물검출_학습데이터1,train
328,250424_110716273731.jpg,250424_110716273731.txt,김치+대상 객체,7,7,2,O,,,,수정 완료,,손상우,이후영,2026-10-07,,이물검출_학습데이터1,train
329,250424_110748018790.jpg,250424_110748018790.txt,김치+대상 객체,8,12,"2, 5",O,,,,수정 완료,"병해 갈변,",손상우,이후영,2026-10-07,,이물검출_학습데이터1,train
330,250424_110825373075.jpg,250424_110825373075.txt,김치+대상 객체,6,6,2,O,,,,검수 완료,"병해 갈변 , 나뭇가지",손상우,이후영,2026-10-07,,이물검출_학습데이터1,train
331,250424_110907410038.jpg,250424_110907410038.txt,김치+대상 객체,5,7,"2, 5",O,,,,수정 완료,"나뭇가지 , 병해 갈변",손상우,이후영,2026-10-07,,이물검출_학습데이터1,train
332,250424_110954320748.jpg,250424_110954320748.txt,김치+대상 객체,5,5,2,O,,,,검수 완료,,손상우,이후영,2026-10-07,,이물검출_학습데이터1,train
333,250424_111020116028.jpg,250424_111020116028.txt,김치+대상 객체,8,10,2,O,,,,수정 완료,나뭇가지 추가,손상우,이후영,2026-10-07,,이물검출_학습데이터1,train
334,250424_111201206403.jpg,250424_111201206403.txt,김치+대상 객체,7,9,"1, 2",O,,,,수정 완료,2 나뭇가지 1 플라스틱 추가,손상우,이후영,2026-10-07,,이물검출_학습데이터1,train
335,250424_111226617441.jpg,250424_111226617441.txt,김치+대상 객체,6,10,2,O,,,,수정 완료,2 나뭇가지,손상우,이후영,2026-10-07,,이물검출_학습데이터1,train
336,250424_111302561521.jpg,250424_111302561521.txt,김치+대상 객체,6,7,2,O,,,,수정 완료,2나뭇가지,손상우,이후영,2026-10-07,,이물검출_학습데이터1,train
337,250424_111415135407.jpg,250424_111415135407.txt,김치+대상 객체,5,6,2,O,,,,검수 완료,2 나뭇가지,손상우,이후영,2026-10-07,,이물검출_학습데이터1,train
338,250424_111454886462.jpg,250424_111454886462.txt,김치+대상 객체,7,8,"1, 2, 5",O,,,,수정 완료,병해 갈변,손상우,이후영,2026-10-07,,이물검출_학습데이터1,train
339,250424_111525566429.jpg,250424_111525566429.txt,김치+대상 객체,6,6,"1, 2",O,,,,검수 완료,,손상우,이후영,2026-10-07,,이물검출_학습데이터1,train
340,250424_111555047880.jpg,250424_111555047880.txt,김치+대상 객체,5,5,"1, 2",O,,,,검수 완료,병해 갈변,손상우,이후영,2026-10-07,,이물검출_학습데이터1,train
341,250424_111632364928.jpg,250424_111632364928.txt,김치+대상 객체,6,6,"1, 2",O,,,,검수 완료,,손상우,이후영,2026-10-07,,이물검출_학습데이터1,train
342,250424_111713850672.jpg,250424_111713850672.txt,김치+대상 객체,5,6,"1, 2",O,,,,수정 완료,2 나뭇가지 추가,손상우,이후영,2026-10-07,,이물검출_학습데이터1,train
343,250424_111810266612.jpg,250424_111810266612.txt,김치+대상 객체,6,6,"1, 2",O,,,,검수 완료,,손상우,이후영,2026-10-07,,이물검출_학습데이터1,train
344,250424_111900294585.jpg,250424_111900294585.txt,김치+대상 객체,5,5,"1, 2",O,,,,검수 완료,,손상우,이후영,2026-10-07,,이물검출_학습데이터1,train
345,250424_111931005322.jpg,250424_111931005322.txt,김치+대상 객체,5,6,"1, 2",O,,,,수정 완료,"2 나뭇가지 추가 ,",손상우,이후영,2026-10-07,,이물검출_학습데이터1,train
346,250424_112004831679.jpg,250424_112004831679.txt,김치+대상 객체,7,10,"1, 2, 5",O,,,,수정 완료,"2 나뭇가지 발견 , 병해 갈변",손상우,이후영,2026-10-07,,이물검출_학습데이터1,train
347,250424_112034421928.jpg,250424_112034421928.txt,김치+대상 객체,8,8,"1, 2",O,,,,검수 완료,,손상우,이후영,2026-10-07,,이물검출_학습데이터1,train
348,250424_112106131252.jpg,250424_112106131252.txt,김치+대상 객체,7,10,"1, 2",O,,,,검수 완료,2 나뭇가지 발견,손상우,이후영,2026-10-07,,이물검출_학습데이터1,train
349,250424_112139655659.jpg,250424_112139655659.txt,김치+대상 객체,7,7,"1, 2",O,,,,검수 완료,,손상우,이후영,2026-10-07,,이물검출_학습데이터1,train
350,250424_112224118014.jpg,250424_112224118014.txt,김치+대상 객체,5,5,"1, 2",O,,,,검수 완료,,손상우,이후영,2026-10-07,,이물검출_학습데이터1,train
351,250424_112343085390.jpg,250424_112343085390.txt,김치+대상 객체,7,7,"0, 1, 2, 5",O,,,,검수 완료,,손상우,이후영,2026-10-07,,이물검출_학습데이터1,train
352,250424_112408452967.jpg,250424_112408452967.txt,김치+대상 객체,6,6,"0, 1, 2, 5",O,,,,검수 완료,,손상우,이후영,2026-10-07,,이물검출_학습데이터1,train
353,250424_112445358653.jpg,250424_112445358653.txt,김치+대상 객체,6,6,"0, 1, 2",O,,,,검수 완료,,손상우,이후영,2026-10-07,,이물검출_학습데이터1,train
354,250424_112626180721.jpg,250424_112626180721.txt,김치+대상 객체,5,5,"0, 1, 2",O,,,,검수 완료,,손상우,이후영,2026-10-07,,이물검출_학습데이터1,train
355,250424_112818764337.jpg,250424_112818764337.txt,김치+대상 객체,5,5,"1, 2, 3",O,,,,검수 완료,,손상우,이후영,2026-10-07,,이물검출_학습데이터1,train
356,250424_112841184247.jpg,250424_112841184247.txt,김치+대상 객체,5,5,"1, 2, 3",O,,,,검수 완료,,손상우,이후영,2026-10-07,,이물검출_학습데이터1,train
357,250424_112924042782.jpg,250424_112924042782.txt,김치+대상 객체,7,7,"1, 2, 3",O,,,,검수 완료,,손상우,이후영,2026-10-07,,이물검출_학습데이터1,train
358,250424_114506760277.jpg,250424_114506760277.txt,김치+대상 객체,6,10,"1, 5",O,,,,수정 완료,갈변,손상우,이후영,2026-10-07,,이물검출_학습데이터1,train
359,250424_114610718081.jpg,250424_114610718081.txt,김치+대상 객체,5,5,1,O,,,,검수 완료,,손상우,이후영,2026-10-07,,이물검출_학습데이터1,train
360,250424_114647549614.jpg,250424_114647549614.txt,김치+대상 객체,5,5,1,O,,,,검수 완료,,손상우,이후영,2026-10-07,,이물검출_학습데이터1,train
361,250424_114709957499.jpg,250424_114709957499.txt,김치+대상 객체,5,5,1,O,,,,검수 완료,,지혜성,이후영,2026-10-07,,이물검출_학습데이터1,train
362,250424_114731998378.jpg,250424_114731998378.txt,김치+대상 객체,5,5,1,O,,,,검수 완료,,지혜성,이후영,2026-10-07,,이물검출_학습데이터1,train
363,250424_114834243086.jpg,250424_114834243086.txt,김치+대상 객체,5,5,1,O,,,,검수 완료,,지혜성,이후영,2026-10-07,,이물검출_학습데이터1,train
364,250424_114911512397.jpg,250424_114911512397.txt,김치+대상 객체,6,6,"1, 5",O,,,,검수 완료,,지혜성,이후영,2026-10-07,,이물검출_학습데이터1,train
365,250424_114929077449.jpg,250424_114929077449.txt,김치+대상 객체,5,5,1,O,,,,검수 완료,,지혜성,이후영,2026-10-07,,이물검출_학습데이터1,train
366,250424_114951512715.jpg,250424_114951512715.txt,김치+대상 객체,6,6,"1, 5",O,,,,검수 완료,,지혜성,이후영,2026-10-07,,이물검출_학습데이터1,train
367,250424_115021023301.jpg,250424_115021023301.txt,김치+대상 객체,5,5,1,O,,,,검수 완료,,지혜성,이후영,2026-10-07,,이물검출_학습데이터1,train
368,250424_115042694119.jpg,250424_115042694119.txt,김치+대상 객체,5,5,1,O,,,,검수 완료,,지혜성,이후영,2026-10-07,,이물검출_학습데이터1,train
369,250424_115104493302.jpg,250424_115104493302.txt,김치+대상 객체,6,6,"1, 5",O,,,,검수 완료,,지혜성,이후영,2026-10-07,,이물검출_학습데이터1,train
370,250424_115126242024.jpg,250424_115126242024.txt,김치+대상 객체,5,5,1,O,,,,검수 완료,,지혜성,이후영,2026-10-07,,이물검출_학습데이터1,train
371,250424_115154083033.jpg,250424_115154083033.txt,김치+대상 객체,5,5,1,O,,,,검수 완료,,지혜성,이후영,2026-10-07,,이물검출_학습데이터1,train
372,250424_115215894054.jpg,250424_115215894054.txt,김치+대상 객체,5,5,1,O,,,,검수 완료,,지혜성,이후영,2026-10-07,,이물검출_학습데이터1,train
373,250424_115252382931.jpg,250424_115252382931.txt,김치+대상 객체,6,6,"1, 5",O,,,,검수 완료,,지혜성,이후영,2026-10-07,,이물검출_학습데이터1,train
374,250424_115322964196.jpg,250424_115322964196.txt,김치+대상 객체,7,7,"1, 5",O,,,,검수 완료,,지혜성,이후영,2026-10-07,,이물검출_학습데이터1,train
375,250424_115344852900.jpg,250424_115344852900.txt,김치+대상 객체,7,8,"1, 5",O,,,,수정 완료,,지혜성,이후영,2026-10-07,,이물검출_학습데이터1,train
376,250424_115411440722.jpg,250424_115411440722.txt,김치+대상 객체,5,6,"1, 5",O,,,,수정 완료,,지혜성,이후영,2026-10-07,,이물검출_학습데이터1,train
377,250424_115429203755.jpg,250424_115429203755.txt,김치+대상 객체,5,6,"1, 5",O,,,,검수 완료,,지혜성,이후영,2026-10-07,,이물검출_학습데이터1,train
378,250424_115451303584.jpg,250424_115451303584.txt,김치+대상 객체,6,6,1,O,,,,검수 완료,,지혜성,이후영,2026-10-07,,이물검출_학습데이터1,train
379,250424_131214458981.jpg,250424_131214458981.txt,김치+대상 객체,5,6,"0, 1, 5",O,,,,수정 완료,,지혜성,이후영,2026-10-07,,이물검출_학습데이터1,train
380,250424_131237407672.jpg,250424_131237407672.txt,김치+대상 객체,5,5,"0, 1",O,,,,검수 완료,,지혜성,이후영,2026-10-07,,이물검출_학습데이터1,train
381,250424_131333355993.jpg,250424_131333355993.txt,김치+대상 객체,7,8,"0, 1, 5",O,,,,수정 완료,,지혜성,이후영,2026-10-07,,이물검출_학습데이터1,train
382,250424_131408934842.jpg,250424_131408934842.txt,김치+대상 객체,5,5,"0, 1",O,,,,검수 완료,,지혜성,이후영,2026-10-07,,이물검출_학습데이터1,train
383,250424_131628719461.jpg,250424_131628719461.txt,김치+대상 객체,5,5,1,O,,,,검수 완료,,지혜성,이후영,2026-10-07,,이물검출_학습데이터1,train
384,250424_131652631597.jpg,250424_131652631597.txt,김치+대상 객체,6,7,"1, 5",O,,,,수정 완료,,지혜성,이후영,2026-10-07,,이물검출_학습데이터1,train
385,250424_131717240598.jpg,250424_131717240598.txt,김치+대상 객체,7,7,"1, 2, 5",O,,,,검수 완료,,지혜성,이후영,2026-10-07,,이물검출_학습데이터1,train
386,250424_131814741865.jpg,250424_131814741865.txt,김치+대상 객체,6,6,"1, 2, 5",O,,,,검수 완료,,지혜성,이후영,2026-10-07,,이물검출_학습데이터1,train
387,250424_131847882251.jpg,250424_131847882251.txt,김치+대상 객체,5,6,"1, 5",O,,,,수정 완료,,지혜성,이후영,2026-10-07,,이물검출_학습데이터1,train
388,250424_131927234268.jpg,250424_131927234268.txt,김치+대상 객체,5,5,"1, 2",O,,,,검수 완료,,지혜성,이후영,2026-10-07,,이물검출_학습데이터1,train
389,250424_132230751822.jpg,250424_132230751822.txt,김치+대상 객체,5,6,"0, 1, 2, 3",O,,,,수정 완료,,지혜성,이후영,2026-10-07,,이물검출_학습데이터1,train
390,250424_132300685668.jpg,250424_132300685668.txt,김치+대상 객체,5,5,"0, 1, 3",O,,,,검수 완료,,지혜성,이후영,2026-10-07,,이물검출_학습데이터1,train
391,250424_132322938300.jpg,250424_132322938300.txt,김치+대상 객체,6,7,"0, 1, 3, 5",O,,,,수정 완료,,지혜성,이후영,2026-10-07,,이물검출_학습데이터1,train
392,250424_132349669195.jpg,250424_132349669195.txt,김치+대상 객체,6,7,"0, 1, 3, 5",O,,,,수정 완료,,지혜성,이후영,2026-10-07,,이물검출_학습데이터1,train
393,250424_132551814312.jpg,250424_132551814312.txt,김치+대상 객체,5,5,"1, 2",O,,,,검수 완료,,지혜성,이후영,2026-10-07,,이물검출_학습데이터1,train
394,250424_132624325595.jpg,250424_132624325595.txt,김치+대상 객체,7,7,"1, 2, 5",O,,,,검수 완료,,지혜성,이후영,2026-10-07,,이물검출_학습데이터1,train
395,250424_132651301309.jpg,250424_132651301309.txt,김치+대상 객체,7,8,"1, 2, 5",O,,,,수정 완료,,지혜성,이후영,2026-10-07,,이물검출_학습데이터1,train
396,250424_132732143495.jpg,250424_132732143495.txt,김치+대상 객체,5,6,"1, 2, 5",O,,,,검수 완료,,지혜성,이후영,2026-10-07,,이물검출_학습데이터1,train
397,250424_132758494169.jpg,250424_132758494169.txt,김치+대상 객체,6,6,"1, 2, 5",O,,,,검수 완료,,지혜성,이후영,2026-10-07,,이물검출_학습데이터1,train
398,250424_133043450183.jpg,250424_133043450183.txt,김치+대상 객체,5,6,"0, 5",O,,,,수정 완료,,지혜성,이후영,2026-10-07,,이물검출_학습데이터1,train
399,250424_133117662886.jpg,250424_133117662886.txt,김치+대상 객체,5,5,0,O,,,,검수 완료,,지혜성,이후영,2026-10-07,,이물검출_학습데이터1,train
400,250424_133202379766.jpg,250424_133202379766.txt,김치+대상 객체,6,6,"0, 2",O,,,,검수 완료,,지혜성,이후영,2026-10-07,,이물검출_학습데이터1,train
401,250424_133236037318.jpg,250424_133236037318.txt,김치+대상 객체,5,5,0,O,,,,검수 완료,,지혜성,이후영,2026-10-07,,이물검출_학습데이터1,train
402,250424_133306190678.jpg,250424_133306190678.txt,김치+대상 객체,5,5,0,O,,,,검수 완료,,지혜성,이후영,2026-10-07,,이물검출_학습데이터1,train
403,250424_133336623350.jpg,250424_133336623350.txt,김치+대상 객체,6,7,"0, 5",O,,,,수정 완료,,지혜성,이후영,2026-10-07,,이물검출_학습데이터1,train
404,250424_133357022002.jpg,250424_133357022002.txt,김치+대상 객체,5,6,0,O,,,,수정 완료,,지혜성,이후영,2026-10-07,,이물검출_학습데이터1,train
405,250424_133529972703.jpg,250424_133529972703.txt,김치+대상 객체,7,7,"0, 5",O,,,,검수 완료,,지혜성,이후영,2026-10-07,,이물검출_학습데이터1,train
406,250424_133629807292.jpg,250424_133629807292.txt,김치+대상 객체,6,6,"0, 2",O,,,,검수 완료,,지혜성,이후영,2026-10-07,,이물검출_학습데이터1,train
407,250424_133656915044.jpg,250424_133656915044.txt,김치+대상 객체,6,6,"0, 5",O,,,,검수 완료,,지혜성,이후영,2026-10-07,,이물검출_학습데이터1,train
408,250424_133722168136.jpg,250424_133722168136.txt,김치+대상 객체,6,6,0,O,,,,검수 완료,,지혜성,이후영,2026-10-07,,이물검출_학습데이터1,train
409,250424_133746717037.jpg,250424_133746717037.txt,김치+대상 객체,8,8,"0, 5",O,,,,검수 완료,,지혜성,이후영,2026-10-07,,이물검출_학습데이터1,train
410,250424_133848190733.jpg,250424_133848190733.txt,김치+대상 객체,5,6,"0, 5",O,,,,수정 완료,,지혜성,이후영,2026-10-07,,이물검출_학습데이터1,train
411,250424_133917633597.jpg,250424_133917633597.txt,김치+대상 객체,6,6,"0, 5",O,,,,검수 완료,,지혜성,이후영,2026-10-07,,이물검출_학습데이터1,train
412,250424_133952219104.jpg,250424_133952219104.txt,김치+대상 객체,5,5,0,O,,,,검수 완료,,지혜성,이후영,2026-10-07,,이물검출_학습데이터1,train
413,250424_134022709122.jpg,250424_134022709122.txt,김치+대상 객체,6,7,"0, 5",O,,,,수정 완료,,지혜성,이후영,2026-10-07,,이물검출_학습데이터1,train
414,250424_134045604000.jpg,250424_134045604000.txt,김치+대상 객체,6,6,"0, 2",O,,,,검수 완료,,지혜성,이후영,2026-10-07,,이물검출_학습데이터1,train
415,250424_134108731645.jpg,250424_134108731645.txt,김치+대상 객체,5,5,0,O,,,,검수 완료,,지혜성,이후영,2026-10-07,,이물검출_학습데이터1,train
416,250424_134126674217.jpg,250424_134126674217.txt,김치+대상 객체,5,5,"0, 2",O,,,,검수 완료,,지혜성,이후영,2026-10-07,,이물검출_학습데이터1,train
417,250424_134151883902.jpg,250424_134151883902.txt,김치+대상 객체,5,5,0,O,,,,검수 완료,,지혜성,이후영,2026-10-07,,이물검출_학습데이터1,train
418,250424_134225907817.jpg,250424_134225907817.txt,김치+대상 객체,5,5,0,O,,,,검수 완료,,지혜성,이후영,2026-10-07,,이물검출_학습데이터1,train
419,250424_134312393649.jpg,250424_134312393649.txt,김치+대상 객체,5,5,"0, 1, 3",O,,,,검수 완료,,지혜성,이후영,2026-10-07,,이물검출_학습데이터1,train
420,250424_134338803481.jpg,250424_134338803481.txt,김치+대상 객체,7,7,"0, 1, 3, 5",O,,,,수정 완료,,지혜성,이후영,2026-10-07,,이물검출_학습데이터1,train
421,250424_134406959434.jpg,250424_134406959434.txt,김치+대상 객체,6,7,"0, 1, 3, 5",O,,,,수정 완료,,지혜성,이후영,2026-10-07,,이물검출_학습데이터1,train
422,250424_134458172998.jpg,250424_134458172998.txt,김치+대상 객체,6,6,"0, 1, 3, 5",O,,,,검수 완료,,지혜성,이후영,2026-10-07,,이물검출_학습데이터1,train
423,250424_134638430765.jpg,250424_134638430765.txt,김치+대상 객체,6,7,"0, 1, 2, 5",O,,,,수정 완료,,지혜성,이후영,2026-10-07,,이물검출_학습데이터1,train
424,250424_134742403318.jpg,250424_134742403318.txt,김치+대상 객체,6,7,"0, 1, 2, 5",O,,,,수정 완료,,지혜성,이후영,2026-10-07,,이물검출_학습데이터1,train
425,250424_134810265899.jpg,250424_134810265899.txt,김치+대상 객체,7,7,"0, 1, 2, 5",O,,,,검수 완료,,지혜성,이후영,2026-10-07,,이물검출_학습데이터1,train
426,250424_135259190207.jpg,250424_135259190207.txt,김치+대상 객체,6,6,"0, 1, 5",O,,,,검수 완료,,지혜성,이후영,2026-10-07,,이물검출_학습데이터1,train
427,250424_135403978558.jpg,250424_135403978558.txt,김치+대상 객체,6,6,"0, 1",O,,,,검수 완료,,지혜성,이후영,2026-10-07,,이물검출_학습데이터1,train
428,250424_135501509505.jpg,250424_135501509505.txt,김치+대상 객체,5,5,"0, 1",O,,,,검수 완료,,지혜성,이후영,2026-10-07,,이물검출_학습데이터1,train
429,250424_135531230106.jpg,250424_135531230106.txt,김치+대상 객체,5,6,"0, 1",O,,,,수정 완료,,지혜성,이후영,2026-10-07,,이물검출_학습데이터1,train
430,250424_135619213899.jpg,250424_135619213899.txt,김치+대상 객체,6,6,"0, 1, 3, 5",O,,,,검수 완료,,지혜성,이후영,2026-10-07,,이물검출_학습데이터1,train
431,250424_135655980687.jpg,250424_135655980687.txt,김치+대상 객체,6,7,"0, 1, 3, 5",O,,,,수정 완료,,지혜성,이후영,2026-10-07,,이물검출_학습데이터1,train
432,250424_135732439823.jpg,250424_135732439823.txt,김치+대상 객체,6,6,"0, 1, 2, 3",O,,,,검수 완료,,지혜성,이후영,2026-10-07,,이물검출_학습데이터1,train
433,250424_135756404426.jpg,250424_135756404426.txt,김치+대상 객체,8,9,"0, 1, 2, 3, 5",O,,,,수정 완료,,지혜성,이후영,2026-10-07,,이물검출_학습데이터1,train
434,250424_135855115910.jpg,250424_135855115910.txt,김치+대상 객체,6,7,"0, 1, 2, 3",O,,,,수정 완료,,지혜성,이후영,2026-10-07,,이물검출_학습데이터1,train
435,250424_135944045455.jpg,250424_135944045455.txt,김치+대상 객체,6,6,"0, 1, 3, 5",O,,,,검수 완료,,지혜성,이후영,2026-10-07,,이물검출_학습데이터1,train
436,250424_140037360411.jpg,250424_140037360411.txt,김치+대상 객체,6,6,"0, 1, 3",O,,,,검수 완료,,지혜성,이후영,2026-10-07,,이물검출_학습데이터1,train
437,250424_140115786154.jpg,250424_140115786154.txt,김치+대상 객체,8,8,"0, 1, 2, 3",O,,,,검수 완료,,지혜성,이후영,2026-10-07,,이물검출_학습데이터1,train
438,250424_140721608012.jpg,250424_140721608012.txt,김치+대상 객체,5,6,"0, 5",O,,,,수정 완료,,지혜성,이후영,2026-10-07,,이물검출_학습데이터1,train
439,250424_140751922758.jpg,250424_140751922758.txt,김치+대상 객체,6,6,"0, 5",O,,,,검수 완료,,지혜성,이후영,2026-10-07,,이물검출_학습데이터1,train
440,250424_140827554248.jpg,250424_140827554248.txt,김치+대상 객체,5,5,0,O,,,,검수 완료,,지혜성,이후영,2026-10-07,,이물검출_학습데이터1,train
441,250424_141205147850.jpg,250424_141205147850.txt,김치+대상 객체,5,5,0,O,,,,검수 완료,,지혜성,이후영,2026-10-07,,이물검출_학습데이터1,train
442,250424_141236657334.jpg,250424_141236657334.txt,김치+대상 객체,7,7,"0, 5",O,,,,검수 완료,,지혜성,이후영,2026-10-07,,이물검출_학습데이터1,train
443,250424_141311988574.jpg,250424_141311988574.txt,김치+대상 객체,4,5,0,O,,,,수정 완료,,지혜성,이후영,2026-10-07,,이물검출_학습데이터1,train
444,250424_141347737368.jpg,250424_141347737368.txt,김치+대상 객체,6,6,"0, 5",O,,,,검수 완료,,지혜성,이후영,2026-10-07,,이물검출_학습데이터1,train
445,250424_141414962071.jpg,250424_141414962071.txt,김치+대상 객체,6,6,"0, 5",O,,,,검수 완료,,지혜성,이후영,2026-10-07,,이물검출_학습데이터1,train
446,250424_141451512347.jpg,250424_141451512347.txt,김치+대상 객체,5,6,"0, 5",O,,,,수정 완료,,지혜성,이후영,2026-10-07,,이물검출_학습데이터1,train
447,250424_141518822839.jpg,250424_141518822839.txt,김치+대상 객체,5,6,"0, 5",O,,,,수정 완료,,지혜성,이후영,2026-10-07,,이물검출_학습데이터1,train
448,250424_141556763818.jpg,250424_141556763818.txt,김치+대상 객체,6,6,"0, 5",O,,,,검수 완료,,지혜성,이후영,2026-10-07,,이물검출_학습데이터1,train
449,250424_141625234055.jpg,250424_141625234055.txt,김치+대상 객체,5,5,0,O,,,,검수 완료,,지혜성,이후영,2026-10-07,,이물검출_학습데이터1,train
450,250424_141652963394.jpg,250424_141652963394.txt,김치+대상 객체,6,6,"0, 5",O,,,,검수 완료,,지혜성,이후영,2026-10-07,,이물검출_학습데이터1,train
451,250424_141749469834.jpg,250424_141749469834.txt,김치+대상 객체,5,6,"0, 5",O,,,,수정 완료,,지혜성,이후영,2026-10-07,,이물검출_학습데이터1,train
452,250424_141831775241.jpg,250424_141831775241.txt,김치+대상 객체,5,5,0,O,,,,검수 완료,,지혜성,이후영,2026-10-07,,이물검출_학습데이터1,train
453,250424_141936963734.jpg,250424_141936963734.txt,김치+대상 객체,5,5,0,O,,,,검수 완료,,지혜성,이후영,2026-10-07,,이물검출_학습데이터1,train
454,250424_142024804916.jpg,250424_142024804916.txt,김치+대상 객체,5,5,0,O,,,,검수 완료,,지혜성,이후영,2026-10-07,,이물검출_학습데이터1,train
455,250424_142046745378.jpg,250424_142046745378.txt,김치+대상 객체,5,5,0,O,,,,검수 완료,,지혜성,이후영,2026-10-07,,이물검출_학습데이터1,train
456,250424_142109515979.jpg,250424_142109515979.txt,김치+대상 객체,5,5,0,O,,,,검수 완료,,지혜성,이후영,2026-10-07,,이물검출_학습데이터1,train
457,250424_142134495262.jpg,250424_142134495262.txt,김치+대상 객체,5,6,"0, 5",O,,,,수정 완료,,지혜성,이후영,2026-10-07,,이물검출_학습데이터1,train
458,250424_142211379999.jpg,250424_142211379999.txt,김치+대상 객체,7,7,"0, 1, 2, 5",O,,,,검수 완료,,지혜성,이후영,2026-10-07,,이물검출_학습데이터1,train
459,250424_142245033292.jpg,250424_142245033292.txt,김치+대상 객체,7,7,"0, 1, 2, 5",O,,,,검수 완료,,지혜성,이후영,2026-10-07,,이물검출_학습데이터1,train
460,250424_142310994229.jpg,250424_142310994229.txt,김치+대상 객체,7,7,"0, 1, 2, 5",O,,,,검수 완료,,지혜성,이후영,2026-10-07,,이물검출_학습데이터1,train
461,250424_142338011529.jpg,250424_142338011529.txt,김치+대상 객체,5,5,"0, 1, 2",O,,,,검수 완료,,지혜성,이후영,2026-10-07,,이물검출_학습데이터1,train
462,250424_142408511885.jpg,250424_142408511885.txt,김치+대상 객체,5,5,"0, 1, 2",O,,,,검수 완료,,지혜성,이후영,2026-10-07,,이물검출_학습데이터1,train
463,250424_142451194734.jpg,250424_142451194734.txt,김치+대상 객체,10,10,"0, 1, 5",O,,,,검수 완료,,지혜성,이후영,2026-10-07,,이물검출_학습데이터1,train
464,250424_142525298132.jpg,250424_142525298132.txt,김치+대상 객체,6,8,"0, 1, 5",O,,,,수정 완료,,지혜성,이후영,2026-10-07,,이물검출_학습데이터1,train
465,250424_142552771765.jpg,250424_142552771765.txt,김치+대상 객체,7,7,"0, 1, 5",O,,,,검수 완료,,지혜성,이후영,2026-10-07,,이물검출_학습데이터1,train
466,250424_142625989941.jpg,250424_142625989941.txt,김치+대상 객체,6,6,"0, 1, 5",O,,,,검수 완료,,지혜성,이후영,2026-10-07,,이물검출_학습데이터1,train
467,250424_142652562190.jpg,250424_142652562190.txt,김치+대상 객체,6,6,"0, 1, 5",O,,,,검수 완료,,지혜성,이후영,2026-10-07,,이물검출_학습데이터1,train
468,250424_142728989367.jpg,250424_142728989367.txt,김치+대상 객체,6,6,"0, 1, 5",O,,,,검수 완료,,지혜성,이후영,2026-10-07,,이물검출_학습데이터1,train
469,250424_142806480763.jpg,250424_142806480763.txt,김치+대상 객체,7,7,"0, 1, 5",O,,,,검수 완료,,지혜성,이후영,2026-10-07,,이물검출_학습데이터1,train
470,250424_142834656188.jpg,250424_142834656188.txt,김치+대상 객체,6,6,"0, 1, 5",O,,,,검수 완료,,지혜성,이후영,2026-10-07,,이물검출_학습데이터1,train
471,250424_142911137938.jpg,250424_142911137938.txt,김치+대상 객체,7,7,"0, 1, 5",O,,,,검수 완료,,지혜성,이후영,2026-10-07,,이물검출_학습데이터1,train
472,250424_142938362989.jpg,250424_142938362989.txt,김치+대상 객체,6,6,"0, 1, 5",O,,,,검수 완료,,지혜성,이후영,2026-10-07,,이물검출_학습데이터1,train
473,250424_143017228317.jpg,250424_143017228317.txt,김치+대상 객체,7,7,"0, 1, 2, 5",O,,,,검수 완료,,지혜성,이후영,2026-10-07,,이물검출_학습데이터1,train
474,250424_143044127420.jpg,250424_143044127420.txt,김치+대상 객체,5,5,"0, 1, 2",O,,,,검수 완료,,지혜성,이후영,2026-10-07,,이물검출_학습데이터1,train
475,250424_143107609014.jpg,250424_143107609014.txt,김치+대상 객체,6,6,"0, 1, 2",O,,,,검수 완료,,지혜성,이후영,2026-10-07,,이물검출_학습데이터1,train
476,250424_143141044687.jpg,250424_143141044687.txt,김치+대상 객체,5,5,"0, 1, 2",O,,,,검수 완료,,지혜성,이후영,2026-10-07,,이물검출_학습데이터1,train
477,250424_143219410463.jpg,250424_143219410463.txt,김치+대상 객체,7,7,"0, 1, 2, 5",O,,,,검수 완료,,지혜성,이후영,2026-10-07,,이물검출_학습데이터1,train
478,250424_143340574867.jpg,250424_143340574867.txt,김치+대상 객체,5,5,"0, 1, 2, 3",O,,,,검수 완료,,지혜성,이후영,2026-10-07,,이물검출_학습데이터1,train
479,250424_143423334547.jpg,250424_143423334547.txt,김치+대상 객체,5,5,"0, 1, 2, 3",O,,,,검수 완료,,지혜성,이후영,2026-10-07,,이물검출_학습데이터1,train
480,250424_143523864568.jpg,250424_143523864568.txt,김치+대상 객체,6,6,"0, 1, 2, 3",O,,,,검수 완료,,지혜성,이후영,2026-10-07,,이물검출_학습데이터1,train
481,250424_150320374794.jpg,250424_150320374794.txt,김치+대상 객체,7,7,"2, 5",O,,,,검수 완료,,지혜성,이후영,2026-10-07,,이물검출_학습데이터1,train
482,250424_150530068599.jpg,250424_150530068599.txt,김치+대상 객체,6,6,"2, 5",O,,,,검수 완료,,지혜성,이후영,2026-10-07,,이물검출_학습데이터1,train
483,250424_150601578171.jpg,250424_150601578171.txt,김치+대상 객체,6,6,"2, 5",O,,,,검수 완료,,지혜성,이후영,2026-10-07,,이물검출_학습데이터1,train
484,250424_150626550405.jpg,250424_150626550405.txt,김치+대상 객체,6,6,"2, 5",O,,,,검수 완료,,지혜성,이후영,2026-10-07,,이물검출_학습데이터1,train
485,250424_150726922844.jpg,250424_150726922844.txt,김치+대상 객체,6,6,"2, 5",O,,,,검수 완료,,지혜성,이후영,2026-10-07,,이물검출_학습데이터1,train
486,250424_150751737200.jpg,250424_150751737200.txt,김치+대상 객체,8,8,"2, 5",O,,,,검수 완료,,지혜성,이후영,2026-10-07,,이물검출_학습데이터1,train
487,250424_150908898857.jpg,250424_150908898857.txt,김치+대상 객체,5,5,2,O,,,,검수 완료,,지혜성,이후영,2026-10-07,,이물검출_학습데이터1,train
488,250424_150932563138.jpg,250424_150932563138.txt,김치+대상 객체,8,8,"2, 5",O,,,,검수 완료,,지혜성,이후영,2026-10-07,,이물검출_학습데이터1,train
489,250424_151045537032.jpg,250424_151045537032.txt,김치+대상 객체,6,6,2,O,,,,검수 완료,,지혜성,이후영,2026-10-07,,이물검출_학습데이터1,train
490,250424_151110625683.jpg,250424_151110625683.txt,김치+대상 객체,6,6,"2, 5",O,,,,검수 완료,,지혜성,이후영,2026-10-07,,이물검출_학습데이터1,train
491,250424_151144785207.jpg,250424_151144785207.txt,김치+대상 객체,5,5,2,O,,,,검수 완료,,지혜성,이후영,2026-10-07,,이물검출_학습데이터1,train
492,250424_151209385709.jpg,250424_151209385709.txt,김치+대상 객체,5,5,2,O,,,,검수 완료,,지혜성,이후영,2026-10-07,,이물검출_학습데이터1,train
493,250424_151249899389.jpg,250424_151249899389.txt,김치+대상 객체,9,8,"2, 5",O,,,,수정 완료,,지혜성,이후영,2026-10-07,,이물검출_학습데이터1,train
494,250424_151328835745.jpg,250424_151328835745.txt,김치+대상 객체,6,6,"2, 5",O,,,,검수 완료,,지혜성,이후영,2026-10-07,,이물검출_학습데이터1,train
495,250424_151431421246.jpg,250424_151431421246.txt,김치+대상 객체,6,6,"2, 5",O,,,,검수 완료,,지혜성,이후영,2026-10-07,,이물검출_학습데이터1,train
496,250424_151459859261.jpg,250424_151459859261.txt,김치+대상 객체,6,6,"2, 5",O,,,,검수 완료,,지혜성,이후영,2026-10-07,,이물검출_학습데이터1,train
497,250424_151612445088.jpg,250424_151612445088.txt,김치+대상 객체,5,5,2,O,,,,검수 완료,,지혜성,이후영,2026-10-07,,이물검출_학습데이터1,train
498,250424_151649731424.jpg,250424_151649731424.txt,김치+대상 객체,6,6,"2, 5",O,,,,검수 완료,,지혜성,이후영,2026-10-07,,이물검출_학습데이터1,train
499,250424_151740506562.jpg,250424_151740506562.txt,김치+대상 객체,5,5,"1, 2",O,,,,검수 완료,,지혜성,이후영,2026-10-07,,이물검출_학습데이터1,train
500,250424_152218486902.jpg,250424_152218486902.txt,김치+대상 객체,6,6,"1, 2, 5",O,,,,검수 완료,,지혜성,이후영,2026-10-07,,이물검출_학습데이터1,train
501,250424_152301409922.jpg,250424_152301409922.txt,김치+대상 객체,7,6,"1, 2, 5",O,,,,수정 완료,나뭇잎 종이류 이상 검출,김석범,김동훈,2026-10-07,,이물검출_학습데이터2,train
502,250424_152336292034.jpg,250424_152336292034.txt,김치+대상 객체,6,6,"1, 2, 5",O,,,,검수 완료,,김석범,김동훈,2026-10-07,,이물검출_학습데이터2,train
503,250424_152358815799.jpg,250424_152358815799.txt,김치+대상 객체,5,5,"1, 2",O,,,,검수 완료,,김석범,김동훈,2026-10-07,,이물검출_학습데이터2,train
504,250424_152433490577.jpg,250424_152433490577.txt,김치+대상 객체,5,5,"1, 2",O,,,,검수 완료,,김석범,김동훈,2026-10-07,,이물검출_학습데이터2,train
505,250424_152545483072.jpg,250424_152545483072.txt,김치+대상 객체,5,5,"0, 1, 2",O,,,,수정 완료,라벨BBox안맞음,김석범,김동훈,2026-10-07,,이물검출_학습데이터2,train
506,250424_152633071901.jpg,250424_152633071901.txt,김치+대상 객체,5,5,"0, 1, 2",O,,,,검수 완료,,김석범,김동훈,2026-10-07,,이물검출_학습데이터2,train
507,250424_152713073232.jpg,250424_152713073232.txt,김치+대상 객체,5,5,"0, 1, 2",O,,,,검수 완료,,김석범,김동훈,2026-10-07,,이물검출_학습데이터2,train
508,250424_152817392808.jpg,250424_152817392808.txt,김치+대상 객체,5,5,"0, 1, 2",O,,,,검수 완료,,김석범,김동훈,2026-10-07,,이물검출_학습데이터2,train
509,250424_152946197348.jpg,250424_152946197348.txt,김치+대상 객체,5,5,"0, 1, 2",O,,,,검수 완료,,김석범,김동훈,2026-10-07,,이물검출_학습데이터2,train
510,250424_153015693567.jpg,250424_153015693567.txt,김치+대상 객체,5,5,"0, 1, 2",O,,,,수정 완료,바운딩박스 맞춤 문제,김석범,김동훈,2026-10-07,,이물검출_학습데이터2,train
511,250424_153120277271.jpg,250424_153120277271.txt,김치+대상 객체,5,5,"1, 2, 3",O,,,,검수 완료,,김석범,김동훈,2026-10-07,,이물검출_학습데이터2,train
512,250424_153155248673.jpg,250424_153155248673.txt,김치+대상 객체,5,5,"1, 2, 3",O,,,,수정 완료,바운딩박스 맞춤문제,김석범,김동훈,2026-10-07,,이물검출_학습데이터2,train
513,250424_153338308367.jpg,250424_153338308367.txt,김치+대상 객체,5,5,"1, 2, 3",O,,,,수정 완료,바운딩 박스 맞춤 문제,김석범,김동훈,2026-10-07,,이물검출_학습데이터2,train
514,250424_153421707254.jpg,250424_153421707254.txt,김치+대상 객체,5,5,"1, 2, 3",O,,,,수정 완료,바운딩박스 맞춤,김석범,김동훈,2026-10-07,,이물검출_학습데이터2,train
515,250424_153453270568.jpg,250424_153453270568.txt,김치+대상 객체,5,5,"1, 2, 3",O,,,,검수 완료,,김석범,김동훈,2026-10-07,,이물검출_학습데이터2,train
516,250424_153520639358.jpg,250424_153520639358.txt,김치+대상 객체,5,5,"1, 2, 3",O,,,,검수 완료,,김석범,김동훈,2026-10-07,,이물검출_학습데이터2,train
517,250424_153545918427.jpg,250424_153545918427.txt,김치+대상 객체,5,5,"1, 2, 3",O,,,,검수 완료,,김석범,김동훈,2026-10-07,,이물검출_학습데이터2,train
518,250424_154322097228.jpg,250424_154322097228.txt,김치+대상 객체,5,5,3,O,,,,수정 완료,바운딩박스맞춤,김석범,김동훈,2026-10-07,,이물검출_학습데이터2,train
519,250424_154424370442.jpg,250424_154424370442.txt,김치+대상 객체,5,5,3,O,,,,수정 완료,바운딩박스 맞춤,김석범,김동훈,2026-10-07,,이물검출_학습데이터2,train
520,250424_154449695884.jpg,250424_154449695884.txt,김치+대상 객체,5,5,3,O,,,,검수 완료,,김석범,김동훈,2026-10-07,,이물검출_학습데이터2,train
521,250424_154522785740.jpg,250424_154522785740.txt,김치+대상 객체,5,5,3,O,,,,검수 완료,,김석범,김동훈,2026-10-07,,이물검출_학습데이터2,train
522,250424_154554019457.jpg,250424_154554019457.txt,김치+대상 객체,5,6,"3, 5",O,,,,수정 완료,갈변 발견,김석범,김동훈,2026-10-07,,이물검출_학습데이터2,train
523,250424_154635713023.jpg,250424_154635713023.txt,김치+대상 객체,5,6,"3, 6",O,,,,수정 완료,파 발견,김석범,김동훈,2026-10-07,,이물검출_학습데이터2,train
524,250424_154704448893.jpg,250424_154704448893.txt,김치+대상 객체,5,5,3,O,,,,수정 완료,,김석범,김동훈,2026-10-07,,이물검출_학습데이터2,train
525,250424_154741377185.jpg,250424_154741377185.txt,김치+대상 객체,5,5,3,O,,,,검수 완료,,김석범,김동훈,2026-10-07,,이물검출_학습데이터2,train
526,250424_154843279325.jpg,250424_154843279325.txt,김치+대상 객체,5,5,3,O,,,,검수 완료,,김석범,김동훈,2026-10-07,,이물검출_학습데이터2,train
527,250424_154917407586.jpg,250424_154917407586.txt,김치+대상 객체,5,5,3,O,,,,검수 완료,,김석범,김동훈,2026-10-07,,이물검출_학습데이터2,train
528,250424_154950467801.jpg,250424_154950467801.txt,김치+대상 객체,5,5,3,O,,,,검수 완료,,김석범,김동훈,2026-10-07,,이물검출_학습데이터2,train
529,250424_155020308984.jpg,250424_155020308984.txt,김치+대상 객체,5,5,3,O,,,,검수 완료,,김석범,김동훈,2026-10-07,,이물검출_학습데이터2,train
530,250424_155038372746.jpg,250424_155038372746.txt,김치+대상 객체,5,5,3,O,,,,검수 완료,,김석범,김동훈,2026-10-07,,이물검출_학습데이터2,train
531,250424_155129094693.jpg,250424_155129094693.txt,김치+대상 객체,5,5,3,O,,,,검수 완료,,김석범,김동훈,2026-10-07,,이물검출_학습데이터2,train
532,250424_155157438614.jpg,250424_155157438614.txt,김치+대상 객체,5,5,3,O,,,,검수 완료,,김석범,김동훈,2026-10-07,,이물검출_학습데이터2,train
533,250424_155225119676.jpg,250424_155225119676.txt,김치+대상 객체,5,5,3,O,,,,검수 완료,,김석범,김동훈,2026-10-07,,이물검출_학습데이터2,train
534,250424_155250067367.jpg,250424_155250067367.txt,김치+대상 객체,5,5,3,O,,,,검수 완료,,김석범,김동훈,2026-10-07,,이물검출_학습데이터2,train
535,250424_155322980630.jpg,250424_155322980630.txt,김치+대상 객체,5,5,3,O,,,,검수 완료,,김석범,김동훈,2026-10-07,,이물검출_학습데이터2,train
536,250424_155351657201.jpg,250424_155351657201.txt,김치+대상 객체,5,5,3,O,,,,검수 완료,,김석범,김동훈,2026-10-07,,이물검출_학습데이터2,train
537,250424_155415756891.jpg,250424_155415756891.txt,김치+대상 객체,5,5,3,O,,,,검수 완료,,김석범,김동훈,2026-10-07,,이물검출_학습데이터2,train
538,250424_155439226083.jpg,250424_155439226083.txt,김치+대상 객체,5,5,3,O,,,,검수 완료,,김석범,김동훈,2026-10-07,,이물검출_학습데이터2,train
539,250424_155512166104.jpg,250424_155512166104.txt,김치+대상 객체,5,5,"0, 1, 3",O,,,,검수 완료,,김석범,김동훈,2026-10-07,,이물검출_학습데이터2,train
540,250424_155536501884.jpg,250424_155536501884.txt,김치+대상 객체,5,5,"0, 1, 3",O,,,,검수 완료,,김석범,김동훈,2026-10-07,,이물검출_학습데이터2,train
541,250424_155603348923.jpg,250424_155603348923.txt,김치+대상 객체,5,5,"0, 1, 3",O,,,,검수 완료,,김석범,김동훈,2026-10-07,,이물검출_학습데이터2,train
542,250424_155719300374.jpg,250424_155719300374.txt,김치+대상 객체,5,5,"1, 3",O,,,,검수 완료,,김석범,김동훈,2026-10-07,,이물검출_학습데이터2,train
543,250424_155753466380.jpg,250424_155753466380.txt,김치+대상 객체,5,5,"1, 3",O,,,,검수 완료,,김석범,김동훈,2026-10-07,,이물검출_학습데이터2,train
544,250424_155824864441.jpg,250424_155824864441.txt,김치+대상 객체,5,5,"1, 3",O,,,,검수 완료,,김석범,김동훈,2026-10-07,,이물검출_학습데이터2,train
545,250424_155925517432.jpg,250424_155925517432.txt,김치+대상 객체,5,5,"1, 3",O,,,,검수 완료,,김석범,김동훈,2026-10-07,,이물검출_학습데이터2,train
546,250424_160002175452.jpg,250424_160002175452.txt,김치+대상 객체,5,5,"1, 2, 3",O,,,,검수 완료,,김석범,김동훈,2026-10-07,,이물검출_학습데이터2,train
547,250424_160059103717.jpg,250424_160059103717.txt,김치+대상 객체,5,5,"1, 2, 3",O,,,,검수 완료,,김석범,김동훈,2026-10-07,,이물검출_학습데이터2,train
548,250424_160124271601.jpg,250424_160124271601.txt,김치+대상 객체,5,5,"1, 2, 3",O,,,,검수 완료,,김석범,김동훈,2026-10-07,,이물검출_학습데이터2,train
549,250424_160154484717.jpg,250424_160154484717.txt,김치+대상 객체,5,5,"1, 2, 3",O,,,,검수 완료,,김석범,김동훈,2026-10-07,,이물검출_학습데이터2,train
550,250424_160247658866.jpg,250424_160247658866.txt,김치+대상 객체,5,5,"0, 3",O,,,,검수 완료,,김석범,김동훈,2026-10-07,,이물검출_학습데이터2,train
551,250424_160303658850.jpg,250424_160303658850.txt,김치+대상 객체,5,5,"0, 3",O,,,,검수 완료,,김석범,지혜성,2026-10-07,,이물검출_학습데이터2,train
552,250424_160324182339.jpg,250424_160324182339.txt,김치+대상 객체,5,5,"0, 3",O,,,,검수 완료,,김석범,지혜성,2026-10-07,,이물검출_학습데이터2,train
553,250424_160343037975.jpg,250424_160343037975.txt,김치+대상 객체,5,5,"0, 3",O,,,,검수 완료,,김석범,지혜성,2026-10-07,,이물검출_학습데이터2,train
554,250424_160408720170.jpg,250424_160408720170.txt,김치+대상 객체,5,5,"0, 3",O,,,,검수 완료,,김석범,지혜성,2026-10-07,,이물검출_학습데이터2,train
555,250424_160438120135.jpg,250424_160438120135.txt,김치+대상 객체,5,5,"1, 2, 3",O,,,,수정 완료,바운딩박스 맞춤,김석범,지혜성,2026-10-07,,이물검출_학습데이터2,train
556,250424_160456860690.jpg,250424_160456860690.txt,김치+대상 객체,5,5,"1, 2, 3",O,,,,검수 완료,,김석범,지혜성,2026-10-07,,이물검출_학습데이터2,train
557,250424_160532201123.jpg,250424_160532201123.txt,김치+대상 객체,5,5,"1, 2, 3",O,,,,검수 완료,,김석범,지혜성,2026-10-07,,이물검출_학습데이터2,train
558,250424_160546850518.jpg,250424_160546850518.txt,김치+대상 객체,5,5,"1, 2, 3",O,,,,검수 완료,,김석범,지혜성,2026-10-07,,이물검출_학습데이터2,train
559,250424_164033250654.jpg,250424_164033250654.txt,김치+대상 객체,5,5,0,O,,,,검수 완료,,김석범,지혜성,2026-10-07,,이물검출_학습데이터2,train
560,250424_164205945780.jpg,250424_164205945780.txt,김치+대상 객체,5,5,0,O,,,,검수 완료,,김석범,지혜성,2026-10-07,,이물검출_학습데이터2,train
561,250424_164310605033.jpg,250424_164310605033.txt,김치+대상 객체,5,5,0,O,,,,검수 완료,,김석범,지혜성,2026-10-07,,이물검출_학습데이터2,train
562,250424_164338285940.jpg,250424_164338285940.txt,김치+대상 객체,5,5,0,O,,,,수정 완료,바운딩박스 맞춤,김석범,지혜성,2026-10-07,,이물검출_학습데이터2,train
563,250424_164415645065.jpg,250424_164415645065.txt,김치+대상 객체,5,5,0,O,,,,검수 완료,,김석범,지혜성,2026-10-07,,이물검출_학습데이터2,train
564,250424_164455938988.jpg,250424_164455938988.txt,김치+대상 객체,5,5,0,O,,,,수정 완료,바운딩박스 맞춤,김석범,지혜성,2026-10-07,,이물검출_학습데이터2,train
565,250424_164535209801.jpg,250424_164535209801.txt,김치+대상 객체,5,5,0,O,,,,검수 완료,,김석범,지혜성,2026-10-07,,이물검출_학습데이터2,train
566,250424_164637508527.jpg,250424_164637508527.txt,김치+대상 객체,5,5,0,O,,,,검수 완료,,김석범,지혜성,2026-10-07,,이물검출_학습데이터2,train
567,250424_164708984954.jpg,250424_164708984954.txt,김치+대상 객체,5,6,"0, 6",O,,,,수정 완료,파 고추 발견,김석범,지혜성,2026-10-07,,이물검출_학습데이터2,train
568,250424_164734340835.jpg,250424_164734340835.txt,김치+대상 객체,5,5,0,O,,,,검수 완료,,김석범,지혜성,2026-10-07,,이물검출_학습데이터2,train
569,250424_164801235334.jpg,250424_164801235334.txt,김치+대상 객체,5,5,0,O,,,,검수 완료,,김석범,지혜성,2026-10-07,,이물검출_학습데이터2,train
570,250424_164836160471.jpg,250424_164836160471.txt,김치+대상 객체,5,5,0,O,,,,검수 완료,,김석범,지혜성,2026-10-07,,이물검출_학습데이터2,train
571,250424_164910871087.jpg,250424_164910871087.txt,김치+대상 객체,5,5,0,O,,,,검수 완료,,김석범,지혜성,2026-10-07,,이물검출_학습데이터2,train
572,250424_164942449664.jpg,250424_164942449664.txt,김치+대상 객체,5,6,"0, 6",O,,,,수정 완료,6 파 고추 확인,김석범,지혜성,2026-10-07,,이물검출_학습데이터2,train
573,250424_165010824897.jpg,250424_165010824897.txt,김치+대상 객체,5,7,"0, 6",O,,,,수정 완료,6 파고추 발견,김석범,지혜성,2026-10-07,,이물검출_학습데이터2,train
574,250424_165045797026.jpg,250424_165045797026.txt,김치+대상 객체,5,5,0,O,,,,검수 완료,,김석범,지혜성,2026-10-07,,이물검출_학습데이터2,train
575,250424_165115853593.jpg,250424_165115853593.txt,김치+대상 객체,5,5,0,O,,,,검수 완료,,김석범,지혜성,2026-10-07,,이물검출_학습데이터2,train
576,250424_165143232306.jpg,250424_165143232306.txt,김치+대상 객체,5,5,0,O,,,,검수 완료,,김석범,지혜성,2026-10-07,,이물검출_학습데이터2,train
577,250424_165211833951.jpg,250424_165211833951.txt,김치+대상 객체,5,5,0,O,,,,검수 완료,,김석범,지혜성,2026-10-07,,이물검출_학습데이터2,train
578,250424_165246591612.jpg,250424_165246591612.txt,김치+대상 객체,5,5,0,O,,,,수정 완료,0 바운딩박스 맞춤,김석범,지혜성,2026-10-07,,이물검출_학습데이터2,train
579,250424_165316762592.jpg,250424_165316762592.txt,김치+대상 객체,5,5,0,O,,,,수정 완료,3 바운딩박스 맞춤,김석범,지혜성,2026-10-07,,이물검출_학습데이터2,train
580,250424_165418497986.jpg,250424_165418497986.txt,김치+대상 객체,5,5,"0, 1",O,,,,수정 완료,,김석범,지혜성,2026-10-07,,이물검출_학습데이터2,train
581,250424_165440056716.jpg,250424_165440056716.txt,김치+대상 객체,5,5,"0, 1",O,,,,검수 완료,,김석범,지혜성,2026-10-07,,이물검출_학습데이터2,train
582,250424_165505539730.jpg,250424_165505539730.txt,김치+대상 객체,5,5,"0, 1",O,,,,수정 완료,4 바운딩 박스 맞춤,김석범,지혜성,2026-10-07,,이물검출_학습데이터2,train
583,250424_165529269617.jpg,250424_165529269617.txt,김치+대상 객체,5,5,"0, 1",O,,,,수정 완료,2 바운딩 박스 맞춤,김석범,지혜성,2026-10-07,,이물검출_학습데이터2,train
584,250424_165553096484.jpg,250424_165553096484.txt,김치+대상 객체,5,5,"0, 1",O,,,,검수 완료,,김석범,지혜성,2026-10-07,,이물검출_학습데이터2,train
585,250424_165639244639.jpg,250424_165639244639.txt,김치+대상 객체,5,6,"0, 1, 2, 5",O,,,,수정 완료,4 바운딩박스 맞춤,김석범,지혜성,2026-10-07,,이물검출_학습데이터2,train
586,250424_165711484642.jpg,250424_165711484642.txt,김치+대상 객체,5,5,"0, 1, 2",O,,,,수정 완료,"2,3,5, 바운딩박스 맞춤",김석범,지혜성,2026-10-07,,이물검출_학습데이터2,train
587,250424_165737940764.jpg,250424_165737940764.txt,김치+대상 객체,6,6,"0, 1, 2",O,,,,수정 완료,1 바운딩박스 맞춤,김석범,지혜성,2026-10-07,,이물검출_학습데이터2,train
588,250424_165900444499.jpg,250424_165900444499.txt,김치+대상 객체,5,5,"0, 1",O,,,,검수 완료,,김석범,지혜성,2026-10-07,,이물검출_학습데이터2,train
589,250424_165931923085.jpg,250424_165931923085.txt,김치+대상 객체,5,5,"0, 1",O,,,,검수 완료,,김석범,지혜성,2026-10-07,,이물검출_학습데이터2,train
590,250424_170003430959.jpg,250424_170003430959.txt,김치+대상 객체,5,5,"0, 1",O,,,,수정 완료,4 바운딩박스 맞춤,김석범,지혜성,2026-10-07,,이물검출_학습데이터2,train
591,250424_170032248410.jpg,250424_170032248410.txt,김치+대상 객체,5,6,"0, 1, 5",O,,,,수정 완료,6 갈변 발견,김석범,지혜성,2026-10-07,,이물검출_학습데이터2,train
592,250424_170112241458.jpg,250424_170112241458.txt,김치+대상 객체,5,5,"0, 1",O,,,,검수 완료,,김석범,지혜성,2026-10-07,,이물검출_학습데이터2,train
593,250424_170156569067.jpg,250424_170156569067.txt,김치+대상 객체,5,5,"0, 1, 3",O,,,,수정 완료,3 바운딩박스 맞춤,김석범,지혜성,2026-10-07,,이물검출_학습데이터2,train
594,250424_170230154929.jpg,250424_170230154929.txt,김치+대상 객체,5,5,"0, 1, 3",O,,,,수정 완료,,김석범,지혜성,2026-10-07,,이물검출_학습데이터2,train
595,250424_170251913373.jpg,250424_170251913373.txt,김치+대상 객체,5,5,"0, 1, 3",O,,,,수정 완료,3 바운딩박스 맞춤,김석범,지혜성,2026-10-07,,이물검출_학습데이터2,train
596,250424_170325776755.jpg,250424_170325776755.txt,김치+대상 객체,5,5,"0, 1, 3",O,,,,검수 완료,,김석범,지혜성,2026-10-07,,이물검출_학습데이터2,train
597,250424_170457181197.jpg,250424_170457181197.txt,김치+대상 객체,6,6,"0, 1, 2",O,,,,검수 완료,,김석범,지혜성,2026-10-07,,이물검출_학습데이터2,train
598,250424_170525843567.jpg,250424_170525843567.txt,김치+대상 객체,5,5,"0, 1, 2",O,,,,검수 완료,,김석범,지혜성,2026-10-07,,이물검출_학습데이터2,train
599,250424_170616179502.jpg,250424_170616179502.txt,김치+대상 객체,5,5,"0, 1, 2",O,,,,검수 완료,,김석범,지혜성,2026-10-07,,이물검출_학습데이터2,train
600,250424_170640733964.jpg,250424_170640733964.txt,김치+대상 객체,5,5,"0, 1, 2",O,,,,검수 완료,,김석범,지혜성,2026-10-07,,이물검출_학습데이터2,train
601,250513_014148760172.jpg,250513_014148760172.txt,대상 객체 단독,5,5,1,O,,,,검수 완료,REVIEW:,김석범,지혜성,2026-10-07,,이물검출_학습데이터2,train
602,250513_014212675091.jpg,250513_014212675091.txt,대상 객체 단독,1,1,1,O,,,,검수 완료,,김석범,지혜성,2026-10-07,,이물검출_학습데이터2,train
603,250513_014220423606.jpg,250513_014220423606.txt,대상 객체 단독,2,2,1,O,,,,검수 완료,,김석범,지혜성,2026-10-07,,이물검출_학습데이터2,train
604,250513_014239750324.jpg,250513_014239750324.txt,대상 객체 단독,3,3,1,O,,,,검수 완료,,김석범,지혜성,2026-10-07,,이물검출_학습데이터2,train
605,250513_014250690081.jpg,250513_014250690081.txt,대상 객체 단독,3,3,1,O,,,,검수 완료,,김석범,지혜성,2026-10-07,,이물검출_학습데이터2,train
606,250513_014619552198.jpg,250513_014619552198.txt,대상 객체 단독,4,4,"2, 3",O,,,,검수 완료,,김석범,지혜성,2026-10-07,,이물검출_학습데이터2,train
607,250513_014651188904.jpg,250513_014651188904.txt,대상 객체 단독,5,5,"2, 3",O,,,,검수 완료,,김석범,지혜성,2026-10-07,,이물검출_학습데이터2,train
608,250513_014716701635.jpg,250513_014716701635.txt,대상 객체 단독,5,5,"2, 3",O,,,,검수 완료,,김석범,지혜성,2026-10-07,,이물검출_학습데이터2,train
609,250513_014744740745.jpg,250513_014744740745.txt,대상 객체 단독,4,4,"1, 2",O,,,,검수 완료,,김석범,지혜성,2026-10-07,,이물검출_학습데이터2,train
610,250513_014805286637.jpg,250513_014805286637.txt,대상 객체 단독,3,3,"1, 2",O,,,,검수 완료,,김석범,지혜성,2026-10-07,,이물검출_학습데이터2,train
611,250513_014819436154.jpg,250513_014819436154.txt,대상 객체 단독,2,2,2,O,,,,검수 완료,,김석범,지혜성,2026-10-07,,이물검출_학습데이터2,train
612,250513_014828866941.jpg,250513_014828866941.txt,대상 객체 단독,3,3,"1, 2",O,,,,검수 완료,,김석범,지혜성,2026-10-07,,이물검출_학습데이터2,train
613,250513_014839145281.jpg,250513_014839145281.txt,대상 객체 단독,3,3,"1, 2",O,,,,검수 완료,,김석범,지혜성,2026-10-07,,이물검출_학습데이터2,train
614,250513_015237273675.jpg,250513_015237273675.txt,대상 객체 단독,3,3,"0, 1",O,,,,검수 완료,,김석범,지혜성,2026-10-07,,이물검출_학습데이터2,train
615,250513_015246673678.jpg,250513_015246673678.txt,대상 객체 단독,2,2,0,O,,,,검수 완료,,김석범,지혜성,2026-10-07,,이물검출_학습데이터2,train
616,250513_015331540104.jpg,250513_015331540104.txt,대상 객체 단독,3,3,"2, 3",O,,,,검수 완료,,김석범,지혜성,2026-10-07,,이물검출_학습데이터2,train
617,250513_015342343246.jpg,250513_015342343246.txt,대상 객체 단독,2,2,"1, 3",O,,,,검수 완료,,김석범,지혜성,2026-10-07,,이물검출_학습데이터2,train
618,250513_015352753427.jpg,250513_015352753427.txt,대상 객체 단독,2,2,1,O,,,,검수 완료,,김석범,지혜성,2026-10-07,,이물검출_학습데이터2,train
619,250513_015403580381.jpg,250513_015403580381.txt,대상 객체 단독,2,2,1,O,,,,검수 완료,,김석범,지혜성,2026-10-07,,이물검출_학습데이터2,train
620,250513_015420675871.jpg,250513_015420675871.txt,대상 객체 단독,3,3,"0, 1",O,,,,검수 완료,,김석범,지혜성,2026-10-07,,이물검출_학습데이터2,train
621,250513_015429479009.jpg,250513_015429479009.txt,대상 객체 단독,3,3,"0, 1",O,,,,검수 완료,,김석범,지혜성,2026-10-07,,이물검출_학습데이터2,train
622,250513_015442042178.jpg,250513_015442042178.txt,대상 객체 단독,3,3,"0, 1",O,,,,검수 완료,,김석범,지혜성,2026-10-07,,이물검출_학습데이터2,train
623,250513_015452233667.jpg,250513_015452233667.txt,대상 객체 단독,4,4,"0, 1, 3",O,,,,검수 완료,,김석범,지혜성,2026-10-07,,이물검출_학습데이터2,train
624,250513_015514809852.jpg,250513_015514809852.txt,대상 객체 단독,3,3,"1, 2",O,,,,검수 완료,,김석범,지혜성,2026-10-07,,이물검출_학습데이터2,train
625,250513_015523209371.jpg,250513_015523209371.txt,대상 객체 단독,3,3,2,O,,,,검수 완료,,김석범,지혜성,2026-10-07,,이물검출_학습데이터2,train
626,250513_015532932551.jpg,250513_015532932551.txt,대상 객체 단독,3,3,"2, 3",O,,,,검수 완료,,김석범,지혜성,2026-10-07,,이물검출_학습데이터2,train
627,250513_015542447244.jpg,250513_015542447244.txt,대상 객체 단독,2,2,2,O,,,,검수 완료,,김석범,지혜성,2026-10-07,,이물검출_학습데이터2,train
628,250513_015550523265.jpg,250513_015550523265.txt,대상 객체 단독,3,3,"2, 3",O,,,,검수 완료,,김석범,지혜성,2026-10-07,,이물검출_학습데이터2,train
629,250513_015559001262.jpg,250513_015559001262.txt,대상 객체 단독,2,2,"1, 3",O,,,,검수 완료,,김석범,지혜성,2026-10-07,,이물검출_학습데이터2,train
630,250513_015607259390.jpg,250513_015607259390.txt,대상 객체 단독,3,3,"1, 3",O,,,,검수 완료,,김석범,지혜성,2026-10-07,,이물검출_학습데이터2,train
631,250513_015635581130.jpg,250513_015635581130.txt,대상 객체 단독,4,4,"0, 2, 3",O,,,,검수 완료,,김석범,지혜성,2026-10-07,,이물검출_학습데이터2,train
632,250513_015643998868.jpg,250513_015643998868.txt,대상 객체 단독,4,4,"0, 2, 3",O,,,,검수 완료,,김석범,지혜성,2026-10-07,,이물검출_학습데이터2,train
633,250513_015652352412.jpg,250513_015652352412.txt,대상 객체 단독,5,5,"0, 2, 3",O,,,,검수 완료,,김석범,지혜성,2026-10-07,,이물검출_학습데이터2,train
634,250513_015705034630.jpg,250513_015705034630.txt,대상 객체 단독,1,1,2,O,,,,검수 완료,,김석범,지혜성,2026-10-07,,이물검출_학습데이터2,train
635,250513_015712687737.jpg,250513_015712687737.txt,대상 객체 단독,2,2,2,O,,,,검수 완료,,김석범,지혜성,2026-10-07,,이물검출_학습데이터2,train
636,250513_015737558428.jpg,250513_015737558428.txt,대상 객체 단독,3,3,"1, 2",O,,,,검수 완료,,김석범,지혜성,2026-10-07,,이물검출_학습데이터2,train
637,250513_015748335568.jpg,250513_015748335568.txt,대상 객체 단독,3,3,"1, 2",O,,,,검수 완료,,김석범,지혜성,2026-10-07,,이물검출_학습데이터2,train
638,250513_015757121885.jpg,250513_015757121885.txt,대상 객체 단독,4,4,"1, 2",O,,,,검수 완료,,김석범,지혜성,2026-10-07,,이물검출_학습데이터2,train
639,250513_015819340200.jpg,250513_015819340200.txt,대상 객체 단독,4,4,"1, 2, 3",O,,,,검수 완료,,김석범,지혜성,2026-10-07,,이물검출_학습데이터2,train
640,250513_015835050786.jpg,250513_015835050786.txt,대상 객체 단독,3,3,"0, 1, 2",O,,,,검수 완료,,김석범,지혜성,2026-10-07,,이물검출_학습데이터2,train
641,250513_015848527907.jpg,250513_015848527907.txt,대상 객체 단독,2,2,"1, 2",O,,,,검수 완료,,김석범,지혜성,2026-10-07,,이물검출_학습데이터2,train
642,250513_015923922984.jpg,250513_015923922984.txt,대상 객체 단독,5,5,"1, 3",O,,,,검수 완료,,김석범,지혜성,2026-10-07,,이물검출_학습데이터2,train
643,250513_015934463160.jpg,250513_015934463160.txt,대상 객체 단독,1,1,3,O,,,,검수 완료,,김석범,지혜성,2026-10-07,,이물검출_학습데이터2,train
644,250513_015943430085.jpg,250513_015943430085.txt,대상 객체 단독,3,3,3,O,,,,검수 완료,,김석범,지혜성,2026-10-07,,이물검출_학습데이터2,train
645,250513_015956702950.jpg,250513_015956702950.txt,대상 객체 단독,2,2,"1, 3",O,,,,검수 완료,,김석범,지혜성,2026-10-07,,이물검출_학습데이터2,train
646,250513_020008155376.jpg,250513_020008155376.txt,대상 객체 단독,2,2,2,O,,,,검수 완료,,김석범,지혜성,2026-10-07,,이물검출_학습데이터2,train
647,250513_020017027166.jpg,250513_020017027166.txt,대상 객체 단독,2,2,2,O,,,,검수 완료,,김석범,지혜성,2026-10-07,,이물검출_학습데이터2,train
648,250513_020026421685.jpg,250513_020026421685.txt,대상 객체 단독,2,2,2,O,,,,검수 완료,,김석범,지혜성,2026-10-07,,이물검출_학습데이터2,train
649,250513_020037160142.jpg,250513_020037160142.txt,대상 객체 단독,2,2,"2, 3",O,,,,검수 완료,,김석범,지혜성,2026-10-07,,이물검출_학습데이터2,train
650,250513_020048358486.jpg,250513_020048358486.txt,대상 객체 단독,2,2,"1, 3",O,,,,검수 완료,,김석범,지혜성,2026-10-07,,이물검출_학습데이터2,train
651,250513_020101011960.jpg,250513_020101011960.txt,대상 객체 단독,3,3,1,O,,,,검수 완료,,김석범,지혜성,2026-10-07,,이물검출_학습데이터2,train
652,250513_020112593206.jpg,250513_020112593206.txt,대상 객체 단독,2,2,"1, 2",O,,,,수정 완료,,김석범,지혜성,2026-10-07,,이물검출_학습데이터2,train
653,250513_020126825853.jpg,250513_020126825853.txt,대상 객체 단독,2,2,1,O,,,,검수 완료,,김석범,지혜성,2026-10-07,,이물검출_학습데이터2,train
654,250513_020141991605.jpg,250513_020141991605.txt,대상 객체 단독,3,3,"0, 1",O,,,,검수 완료,,김석범,지혜성,2026-10-07,,이물검출_학습데이터2,train
655,250513_020150756977.jpg,250513_020150756977.txt,대상 객체 단독,3,3,"0, 1",O,,,,검수 완료,,김석범,지혜성,2026-10-07,,이물검출_학습데이터2,train
656,250513_020204533684.jpg,250513_020204533684.txt,대상 객체 단독,4,4,0,O,,,,검수 완료,,김석범,지혜성,2026-10-07,,이물검출_학습데이터2,train
657,250513_020212490214.jpg,250513_020212490214.txt,대상 객체 단독,4,4,0,O,,,,검수 완료,,김석범,지혜성,2026-10-07,,이물검출_학습데이터2,train
658,250513_020225144840.jpg,250513_020225144840.txt,대상 객체 단독,4,4,"0, 1",O,,,,검수 완료,,김석범,지혜성,2026-10-07,,이물검출_학습데이터2,train
659,250513_020233505190.jpg,250513_020233505190.txt,대상 객체 단독,4,4,"0, 1",O,,,,검수 완료,,김석범,지혜성,2026-10-07,,이물검출_학습데이터2,train
660,250513_020250961835.jpg,250513_020250961835.txt,대상 객체 단독,3,3,"0, 1, 2",O,,,,검수 완료,,김석범,지혜성,2026-10-07,,이물검출_학습데이터2,train
661,250513_020304399650.jpg,250513_020304399650.txt,대상 객체 단독,6,6,"0, 1, 2",O,,,,검수 완료,,김석범,지혜성,2026-10-07,,이물검출_학습데이터2,train
662,250513_020320098243.jpg,250513_020320098243.txt,대상 객체 단독,5,5,1,O,,,,검수 완료,,김석범,지혜성,2026-10-07,,이물검출_학습데이터2,train
663,250513_020337379138.jpg,250513_020337379138.txt,대상 객체 단독,5,5,"0, 1, 3",O,,,,검수 완료,,김석범,지혜성,2026-10-07,,이물검출_학습데이터2,train
664,250513_020402036089.jpg,250513_020402036089.txt,대상 객체 단독,4,4,"0, 1, 2",O,,,,검수 완료,,김석범,지혜성,2026-10-07,,이물검출_학습데이터2,train
665,250513_020421725158.jpg,250513_020421725158.txt,대상 객체 단독,5,5,"0, 1, 2",O,,,,검수 완료,,김석범,지혜성,2026-10-07,,이물검출_학습데이터2,train
666,250513_020431482923.jpg,250513_020431482923.txt,대상 객체 단독,5,5,"0, 1, 2",O,,,,검수 완료,,김석범,지혜성,2026-10-07,,이물검출_학습데이터2,train
667,250513_020440264823.jpg,250513_020440264823.txt,대상 객체 단독,5,5,"0, 1, 2",O,,,,검수 완료,,김석범,지혜성,2026-10-07,,이물검출_학습데이터2,train
668,250513_020502446188.jpg,250513_020502446188.txt,대상 객체 단독,4,4,"1, 2",O,,,,검수 완료,,김석범,지혜성,2026-10-07,,이물검출_학습데이터2,train
669,250513_020519404101.jpg,250513_020519404101.txt,대상 객체 단독,5,5,"1, 2",O,,,,검수 완료,,김석범,지혜성,2026-10-07,,이물검출_학습데이터2,train
670,250513_020538475964.jpg,250513_020538475964.txt,대상 객체 단독,5,5,"1, 2, 3",O,,,,검수 완료,,김석범,지혜성,2026-10-07,,이물검출_학습데이터2,train
671,250513_020549238232.jpg,250513_020549238232.txt,대상 객체 단독,4,4,"1, 2",O,,,,검수 완료,,김석범,지혜성,2026-10-07,,이물검출_학습데이터2,train
672,250513_020558935073.jpg,250513_020558935073.txt,대상 객체 단독,4,4,"1, 2",O,,,,검수 완료,,김석범,지혜성,2026-10-07,,이물검출_학습데이터2,train
673,250513_020611446070.jpg,250513_020611446070.txt,대상 객체 단독,4,4,"1, 2",O,,,,검수 완료,,김석범,지혜성,2026-10-07,,이물검출_학습데이터2,train
674,250513_020621226161.jpg,250513_020621226161.txt,대상 객체 단독,3,3,"2, 3",O,,,,검수 완료,,김석범,지혜성,2026-10-07,,이물검출_학습데이터2,train
675,250513_020633185824.jpg,250513_020633185824.txt,대상 객체 단독,3,3,2,O,,,,검수 완료,,김석범,지혜성,2026-10-07,,이물검출_학습데이터2,train
676,250513_020644737505.jpg,250513_020644737505.txt,대상 객체 단독,3,3,"0, 1",O,,,,검수 완료,,김석범,지혜성,2026-10-07,,이물검출_학습데이터2,train
677,250513_020743814028.jpg,250513_020743814028.txt,대상 객체 단독,3,3,"1, 2",O,,,,검수 완료,,김석범,지혜성,2026-10-07,,이물검출_학습데이터2,train
678,250513_020750875797.jpg,250513_020750875797.txt,대상 객체 단독,4,4,"1, 2",O,,,,검수 완료,,김석범,지혜성,2026-10-07,,이물검출_학습데이터2,train
679,250513_020804589690.jpg,250513_020804589690.txt,대상 객체 단독,2,2,"1, 2",O,,,,검수 완료,,김석범,지혜성,2026-10-07,,이물검출_학습데이터2,train
680,250513_020818506439.jpg,250513_020818506439.txt,대상 객체 단독,3,3,"0, 1",O,,,,검수 완료,,김석범,지혜성,2026-10-07,,이물검출_학습데이터2,train
681,250513_020832754654.jpg,250513_020832754654.txt,대상 객체 단독,3,3,"0, 1",O,,,,검수 완료,,김석범,지혜성,2026-10-07,,이물검출_학습데이터2,train
682,250513_020846723329.jpg,250513_020846723329.txt,대상 객체 단독,3,3,"0, 1",O,,,,검수 완료,,김석범,지혜성,2026-10-07,,이물검출_학습데이터2,train
683,250513_020915257020.jpg,250513_020915257020.txt,대상 객체 단독,2,2,"0, 1",O,,,,검수 완료,,김석범,지혜성,2026-10-07,,이물검출_학습데이터2,train
684,250513_020943104521.jpg,250513_020943104521.txt,대상 객체 단독,3,3,"1, 2",O,,,,검수 완료,,김석범,지혜성,2026-10-07,,이물검출_학습데이터2,train
685,250513_021003217917.jpg,250513_021003217917.txt,대상 객체 단독,3,3,"0, 1, 2",O,,,,검수 완료,,김석범,지혜성,2026-10-07,,이물검출_학습데이터2,train
686,250513_021015212241.jpg,250513_021015212241.txt,대상 객체 단독,3,3,"1, 2",O,,,,검수 완료,,김석범,지혜성,2026-10-07,,이물검출_학습데이터2,train
687,250513_021046362799.jpg,250513_021046362799.txt,대상 객체 단독,3,3,"0, 1, 2",O,,,,검수 완료,,김석범,지혜성,2026-10-07,,이물검출_학습데이터2,train
688,250513_021108612477.jpg,250513_021108612477.txt,대상 객체 단독,2,2,1,O,,,,검수 완료,,김석범,지혜성,2026-10-07,,이물검출_학습데이터2,train
689,250513_021119693563.jpg,250513_021119693563.txt,대상 객체 단독,1,1,2,O,,,,검수 완료,,김석범,지혜성,2026-10-07,,이물검출_학습데이터2,train
690,250513_021126718161.jpg,250513_021126718161.txt,대상 객체 단독,2,2,2,O,,,,검수 완료,,김석범,지혜성,2026-10-07,,이물검출_학습데이터2,train
691,250513_021137841395.jpg,250513_021137841395.txt,대상 객체 단독,2,2,1,O,,,,검수 완료,,김석범,지혜성,2026-10-07,,이물검출_학습데이터2,train
692,250513_021144766911.jpg,250513_021144766911.txt,대상 객체 단독,1,1,1,O,,,,검수 완료,,김석범,지혜성,2026-10-07,,이물검출_학습데이터2,train
693,250513_021150715030.jpg,250513_021150715030.txt,대상 객체 단독,1,1,1,O,,,,검수 완료,,김석범,지혜성,2026-10-07,,이물검출_학습데이터2,train
694,250513_021157703738.jpg,250513_021157703738.txt,대상 객체 단독,1,1,1,O,,,,검수 완료,,김석범,지혜성,2026-10-07,,이물검출_학습데이터2,train
695,250513_021204824022.jpg,250513_021204824022.txt,대상 객체 단독,1,1,0,O,,,,검수 완료,,김석범,지혜성,2026-10-07,,이물검출_학습데이터2,train
696,250513_021213190018.jpg,250513_021213190018.txt,대상 객체 단독,2,2,"0, 1",O,,,,검수 완료,,김석범,지혜성,2026-10-07,,이물검출_학습데이터2,train
697,250513_021224263265.jpg,250513_021224263265.txt,대상 객체 단독,2,2,1,O,,,,검수 완료,,김석범,지혜성,2026-10-07,,이물검출_학습데이터2,train
698,250513_021233704903.jpg,250513_021233704903.txt,대상 객체 단독,1,1,1,O,,,,검수 완료,,김석범,지혜성,2026-10-07,,이물검출_학습데이터2,train
699,250513_021240978983.jpg,250513_021240978983.txt,대상 객체 단독,1,1,1,O,,,,검수 완료,,김석범,지혜성,2026-10-07,,이물검출_학습데이터2,train
700,250513_021249058642.jpg,250513_021249058642.txt,대상 객체 단독,1,1,1,O,,,,검수 완료,,김석범,지혜성,2026-10-07,,이물검출_학습데이터2,train
701,250513_021305141318.jpg,250513_021305141318.txt,대상 객체 단독,1,1,0,O,,,,검수 완료,,김석범,지혜성,2026-10-07,,이물검출_학습데이터2,train
702,250513_021344514305.jpg,250513_021344514305.txt,대상 객체 단독,7,7,2,O,,,,검수 완료,,김석범,지혜성,2026-10-07,,이물검출_학습데이터2,train
703,250513_021357007585.jpg,250513_021357007585.txt,대상 객체 단독,3,3,2,O,,,,검수 완료,,김석범,지혜성,2026-10-07,,이물검출_학습데이터2,train
704,250513_021405809512.jpg,250513_021405809512.txt,대상 객체 단독,3,3,2,O,,,,검수 완료,,김석범,지혜성,2026-10-07,,이물검출_학습데이터2,train
705,250513_021406217768.jpg,250513_021406217768.txt,대상 객체 단독,3,3,2,O,,,,검수 완료,,김석범,지혜성,2026-10-07,,이물검출_학습데이터2,train
706,250513_021413998344.jpg,250513_021413998344.txt,대상 객체 단독,3,3,2,O,,,,검수 완료,,김석범,지혜성,2026-10-07,,이물검출_학습데이터2,train
707,250513_021424892102.jpg,250513_021424892102.txt,대상 객체 단독,2,2,1,O,,,,검수 완료,,김석범,지혜성,2026-10-07,,이물검출_학습데이터2,train
708,250513_021435579095.jpg,250513_021435579095.txt,대상 객체 단독,3,3,"1, 2",O,,,,검수 완료,,김석범,지혜성,2026-10-07,,이물검출_학습데이터2,train
709,250513_021445620839.jpg,250513_021445620839.txt,대상 객체 단독,2,2,"0, 1",O,,,,검수 완료,,김석범,지혜성,2026-10-07,,이물검출_학습데이터2,train
710,250513_021503927470.jpg,250513_021503927470.txt,대상 객체 단독,3,3,"1, 3",O,,,,검수 완료,,김석범,지혜성,2026-10-07,,이물검출_학습데이터2,train
711,250513_021522087814.jpg,250513_021522087814.txt,대상 객체 단독,3,3,"1, 3",O,,,,검수 완료,,김석범,지혜성,2026-10-07,,이물검출_학습데이터2,train
712,250513_021539913227.jpg,250513_021539913227.txt,대상 객체 단독,5,5,"1, 3",O,,,,검수 완료,,김석범,지혜성,2026-10-07,,이물검출_학습데이터2,train
713,250513_021549661328.jpg,250513_021549661328.txt,대상 객체 단독,5,5,"1, 3",O,,,,검수 완료,,김석범,지혜성,2026-10-07,,이물검출_학습데이터2,train
714,250513_021558743377.jpg,250513_021558743377.txt,대상 객체 단독,5,5,"1, 3",O,,,,검수 완료,,김석범,지혜성,2026-10-07,,이물검출_학습데이터2,train
715,250513_021615909822.jpg,250513_021615909822.txt,대상 객체 단독,5,5,"2, 3",O,,,,검수 완료,,김석범,지혜성,2026-10-07,,이물검출_학습데이터2,train
716,250513_021628303797.jpg,250513_021628303797.txt,대상 객체 단독,4,4,3,O,,,,검수 완료,,김석범,지혜성,2026-10-07,,이물검출_학습데이터2,train
717,250513_021646222060.jpg,250513_021646222060.txt,대상 객체 단독,4,4,3,O,,,,검수 완료,,김석범,지혜성,2026-10-07,,이물검출_학습데이터2,train
718,250513_021653487917.jpg,250513_021653487917.txt,대상 객체 단독,4,4,3,O,,,,검수 완료,,김석범,지혜성,2026-10-07,,이물검출_학습데이터2,train
719,250513_021702627527.jpg,250513_021702627527.txt,대상 객체 단독,4,4,3,O,,,,검수 완료,,김석범,지혜성,2026-10-07,,이물검출_학습데이터2,train
720,250513_021711038406.jpg,250513_021711038406.txt,대상 객체 단독,2,2,3,O,,,,검수 완료,,김석범,지혜성,2026-10-07,,이물검출_학습데이터2,train
721,250410_144532010108.jpg,250410_144532010108.txt,김치+대상 객체,5,5,6,O,,,,검수 완료,,김동훈,지혜성,2026-10-07,,이물검출_학습데이터2,validation
722,250410_145141723860.jpg,250410_145141723860.txt,김치+대상 객체,5,5,6,O,,,,수정 완료,라벨링 맞춤 박스,김동훈,지혜성,2026-10-07,,이물검출_학습데이터2,validation
723,250410_145433197807.jpg,250410_145433197807.txt,김치+대상 객체,5,5,6,O,,,,검수 완료,,김동훈,지혜성,2026-10-07,,이물검출_학습데이터2,validation
724,250410_150722732261.jpg,250410_150722732261.txt,김치+대상 객체,5,5,6,O,,,,검수 완료,,김동훈,지혜성,2026-10-07,,이물검출_학습데이터2,validation
725,250410_151837622952.jpg,250410_151837622952.txt,김치+대상 객체,5,5,6,O,,,,검수 완료,,김동훈,지혜성,2026-10-07,,이물검출_학습데이터2,validation
726,250410_151959551499.jpg,250410_151959551499.txt,김치+대상 객체,5,5,6,O,,,,검수 완료,,김동훈,지혜성,2026-10-07,,이물검출_학습데이터2,validation
727,250410_152043730782.jpg,250410_152043730782.txt,김치+대상 객체,5,5,6,O,,,,수정 완료,라벨링 맞춤완료,김동훈,지혜성,2026-10-07,,이물검출_학습데이터2,validation
728,250410_152154012800.jpg,250410_152154012800.txt,김치+대상 객체,5,5,6,O,,,,수정 완료,라벨링 맞춤 박스,김동훈,지혜성,2026-10-07,,이물검출_학습데이터2,validation
729,250410_152458884244.jpg,250410_152458884244.txt,김치+대상 객체,5,5,6,O,,,,검수 완료,,김동훈,지혜성,2026-10-07,,이물검출_학습데이터2,validation
730,250410_152531781799.jpg,250410_152531781799.txt,김치+대상 객체,5,5,6,O,,,,검수 완료,,김동훈,지혜성,2026-10-07,,이물검출_학습데이터2,validation
731,250410_155734186034.jpg,250410_155734186034.txt,김치+대상 객체,5,5,1,O,,,,수정 완료,라벨링 맞춤 박스,김동훈,지혜성,2026-10-07,,이물검출_학습데이터2,validation
732,250410_155943122243.jpg,250410_155943122243.txt,김치+대상 객체,5,5,1,O,,,,검수 완료,,김동훈,지혜성,2026-10-07,,이물검출_학습데이터2,validation
733,250410_160155606350.jpg,250410_160155606350.txt,김치+대상 객체,5,5,1,O,,,,검수 완료,,김동훈,지혜성,2026-10-07,,이물검출_학습데이터2,validation
734,250410_170005947995.jpg,250410_170005947995.txt,김치+대상 객체,5,5,1,O,,,,검수 완료,,김동훈,지혜성,2026-10-07,,이물검출_학습데이터2,validation
735,250410_170049726315.jpg,250410_170049726315.txt,김치+대상 객체,5,5,1,O,,,,검수 완료,,김동훈,지혜성,2026-10-07,,이물검출_학습데이터2,validation
736,250410_170944512953.jpg,250410_170944512953.txt,김치+대상 객체,5,5,"0, 1",O,,,,검수 완료,,김동훈,지혜성,2026-10-07,,이물검출_학습데이터2,validation
737,250410_171526553647.jpg,250410_171526553647.txt,김치+대상 객체,5,5,"1, 2",O,,,,검수 완료,,김동훈,지혜성,2026-10-07,,이물검출_학습데이터2,validation
738,250410_172417911438.jpg,250410_172417911438.txt,김치+대상 객체,5,5,1,O,,,,검수 완료,,김동훈,지혜성,2026-10-07,,이물검출_학습데이터2,validation
739,250410_172828996170.jpg,250410_172828996170.txt,김치+대상 객체,5,5,"1, 3",O,,,,검수 완료,,김동훈,지혜성,2026-10-07,,이물검출_학습데이터2,validation
740,250410_173557486868.jpg,250410_173557486868.txt,김치+대상 객체,5,5,"0, 1, 2",O,,,,수정 완료,라벨링 맞춤 박스,김동훈,지혜성,2026-10-07,,이물검출_학습데이터2,validation
741,250410_174950640074.jpg,250410_174950640074.txt,김치+대상 객체,5,5,2,O,,,,검수 완료,,김동훈,지혜성,2026-10-07,,이물검출_학습데이터2,validation
742,250410_175133040999.jpg,250410_175133040999.txt,김치+대상 객체,5,5,2,O,,,,검수 완료,,김동훈,지혜성,2026-10-07,,이물검출_학습데이터2,validation
743,250410_175310273550.jpg,250410_175310273550.txt,김치+대상 객체,5,5,2,O,,,,검수 완료,,김동훈,지혜성,2026-10-07,,이물검출_학습데이터2,validation
744,250410_175613332662.jpg,250410_175613332662.txt,김치+대상 객체,5,5,2,O,,,,검수 완료,,김동훈,지혜성,2026-10-07,,이물검출_학습데이터2,validation
745,250410_180033976404.jpg,250410_180033976404.txt,김치+대상 객체,5,5,2,O,,,,검수 완료,,김동훈,지혜성,2026-10-07,,이물검출_학습데이터2,validation
746,250410_180117079374.jpg,250410_180117079374.txt,김치+대상 객체,5,5,2,O,,,,검수 완료,,김동훈,지혜성,2026-10-07,,이물검출_학습데이터2,validation
747,250410_180317754189.jpg,250410_180317754189.txt,김치+대상 객체,5,5,2,O,,,,검수 완료,,김동훈,지혜성,2026-10-07,,이물검출_학습데이터2,validation
748,250410_181313625145.jpg,250410_181313625145.txt,김치+대상 객체,5,5,"1, 2",O,,,,검수 완료,,김동훈,지혜성,2026-10-07,,이물검출_학습데이터2,validation
749,250410_181519426889.jpg,250410_181519426889.txt,김치+대상 객체,5,5,"1, 2, 3",O,,,,수정 완료,라벨링 박스 맞춤,김동훈,지혜성,2026-10-07,,이물검출_학습데이터2,validation
750,250410_181608031071.jpg,250410_181608031071.txt,김치+대상 객체,5,5,"1, 2, 3",O,,,,수정 완료,라벨링 박스 맞춤,김동훈,지혜성,2026-10-07,,이물검출_학습데이터2,validation
751,250410_181914413029.jpg,250410_181914413029.txt,김치+대상 객체,5,5,"1, 2, 3",O,,,,검수 완료,,김동훈,지혜성,2026-10-07,,이물검출_학습데이터2,validation
752,250410_182048797815.jpg,250410_182048797815.txt,김치+대상 객체,5,5,"1, 2",O,,,,검수 완료,,김동훈,지혜성,2026-10-07,,이물검출_학습데이터2,validation
753,250410_182143992189.jpg,250410_182143992189.txt,김치+대상 객체,5,5,"1, 2",O,,,,검수 완료,,김동훈,지혜성,2026-10-07,,이물검출_학습데이터2,validation
754,250410_182834693275.jpg,250410_182834693275.txt,김치+대상 객체,5,5,"0, 2",O,,,,수정 완료,라벨링 맞춤 박스,김동훈,지혜성,2026-10-07,,이물검출_학습데이터2,validation
755,250410_182921481743.jpg,250410_182921481743.txt,김치+대상 객체,5,5,"0, 2",O,,,,검수 완료,,김동훈,지혜성,2026-10-07,,이물검출_학습데이터2,validation
756,250411_092158458691.jpg,250411_092158458691.txt,김치+대상 객체,5,5,1,O,,,,검수 완료,,김동훈,지혜성,2026-10-07,,이물검출_학습데이터2,validation
757,250411_092352338943.jpg,250411_092352338943.txt,김치+대상 객체,5,5,1,O,,,,검수 완료,,김동훈,지혜성,2026-10-07,,이물검출_학습데이터2,validation
758,250411_093234406905.jpg,250411_093234406905.txt,김치+대상 객체,5,5,1,O,,,,수정 완료,라벨링 박스 맞춤,김동훈,지혜성,2026-10-07,,이물검출_학습데이터2,validation
759,250411_093324099646.jpg,250411_093324099646.txt,김치+대상 객체,5,5,1,O,,,,검수 완료,,김동훈,지혜성,2026-10-07,,이물검출_학습데이터2,validation
760,250411_093519741399.jpg,250411_093519741399.txt,김치+대상 객체,5,5,1,O,,,,검수 완료,,김동훈,지혜성,2026-10-07,,이물검출_학습데이터2,validation
761,250411_093743680890.jpg,250411_093743680890.txt,김치+대상 객체,5,5,1,O,,,,검수 완료,,김동훈,지혜성,2026-10-07,,이물검출_학습데이터2,validation
762,250411_094259430445.jpg,250411_094259430445.txt,김치+대상 객체,5,5,1,O,,,,검수 완료,,김동훈,지혜성,2026-10-07,,이물검출_학습데이터2,validation
763,250411_094651666580.jpg,250411_094651666580.txt,김치+대상 객체,5,5,1,O,,,,검수 완료,,김동훈,지혜성,2026-10-07,,이물검출_학습데이터2,validation
764,250411_095401865132.jpg,250411_095401865132.txt,김치+대상 객체,5,5,"1, 2",O,,,,수정 완료,라벨링 박스 맞춤,김동훈,지혜성,2026-10-07,,이물검출_학습데이터2,validation
765,250411_095929903223.jpg,250411_095929903223.txt,김치+대상 객체,5,5,"1, 3",O,,,,수정 완료,,김동훈,지혜성,2026-10-07,,이물검출_학습데이터2,validation
766,250411_100158094554.jpg,250411_100158094554.txt,김치+대상 객체,5,5,"1, 3",O,,,,검수 완료,,김동훈,지혜성,2026-10-07,,이물검출_학습데이터2,validation
767,250411_104718061502.jpg,250411_104718061502.txt,김치+대상 객체,5,5,1,O,,,,검수 완료,,김동훈,지혜성,2026-10-07,,이물검출_학습데이터2,validation
768,250411_104956612339.jpg,250411_104956612339.txt,김치+대상 객체,5,5,1,O,,,,수정 완료,,김동훈,지혜성,2026-10-07,,이물검출_학습데이터2,validation
769,250411_110038287967.jpg,250411_110038287967.txt,김치+대상 객체,5,5,1,O,,,,수정 완료,,김동훈,지혜성,2026-10-07,,이물검출_학습데이터2,validation
770,250411_111004245983.jpg,250411_111004245983.txt,김치+대상 객체,5,5,"0, 1, 2, 3",O,,,,수정 완료,라벨링 박스 크기,김동훈,지혜성,2026-10-07,,이물검출_학습데이터2,validation
771,250411_111136595839.jpg,250411_111136595839.txt,김치+대상 객체,5,5,"1, 3",O,,,,수정 완료,바운딩 박스 맞춤,김동훈,지혜성,2026-10-07,,이물검출_학습데이터2,validation
772,250411_111313130597.jpg,250411_111313130597.txt,김치+대상 객체,5,6,"0, 1, 2, 5",O,,,,수정 완료,6번 갈변 추가,김동훈,지혜성,2026-10-07,,이물검출_학습데이터2,validation
773,250411_111440055274.jpg,250411_111440055274.txt,김치+대상 객체,5,5,"1, 2",O,,,,검수 완료,,김동훈,지혜성,2026-10-07,,이물검출_학습데이터2,validation
774,250411_111721406014.jpg,250411_111721406014.txt,김치+대상 객체,5,5,"1, 2",O,,,,검수 완료,,김동훈,지혜성,2026-10-07,,이물검출_학습데이터2,validation
775,250411_112205486359.jpg,250411_112205486359.txt,김치+대상 객체,5,5,"1, 2",O,,,,검수 완료,,김동훈,지혜성,2026-10-07,,이물검출_학습데이터2,validation
776,250411_112446720529.jpg,250411_112446720529.txt,김치+대상 객체,5,5,1,O,,,,검수 완료,,김동훈,지혜성,2026-10-07,,이물검출_학습데이터2,validation
777,250411_112702519484.jpg,250411_112702519484.txt,김치+대상 객체,5,5,1,O,,,,검수 완료,,김동훈,지혜성,2026-10-07,,이물검출_학습데이터2,validation
778,250411_112741745606.jpg,250411_112741745606.txt,김치+대상 객체,5,5,1,O,,,,수정 완료,라벨링 박스 맞춤,김동훈,지혜성,2026-10-07,,이물검출_학습데이터2,validation
779,250411_113506054354.jpg,250411_113506054354.txt,김치+대상 객체,5,5,1,O,,,,수정 완료,라벨링 박스 맞춤,김동훈,지혜성,2026-10-07,,이물검출_학습데이터2,validation
780,250411_113904005033.jpg,250411_113904005033.txt,김치+대상 객체,5,5,1,O,,,,수정 완료,라벨링 박스 맞춤,김동훈,지혜성,2026-10-07,,이물검출_학습데이터2,validation
781,250411_133907433178.jpg,250411_133907433178.txt,김치+대상 객체,5,5,"0, 1, 2",O,,,,검수 완료,,김동훈,지혜성,2026-10-07,,이물검출_학습데이터2,validation
782,250411_134156935624.jpg,250411_134156935624.txt,김치+대상 객체,6,6,"0, 1, 2, 5",O,,,,수정 완료,라벨링 박스 맞춤,김동훈,지혜성,2026-10-07,,이물검출_학습데이터2,validation
783,250411_134338103210.jpg,250411_134338103210.txt,김치+대상 객체,5,5,"0, 1",O,,,,수정 완료,라벨링 박스 맞춤,김동훈,지혜성,2026-10-07,,이물검출_학습데이터2,validation
784,250411_135428632799.jpg,250411_135428632799.txt,김치+대상 객체,5,5,"0, 1, 3",O,,,,검수 완료,라벨링 박스 맞춤,김동훈,지혜성,2026-10-07,,이물검출_학습데이터2,validation
785,250411_140406550160.jpg,250411_140406550160.txt,김치+대상 객체,5,5,1,O,,,,수정 완료,라벨링 박스 맞춤,김동훈,지혜성,2026-10-07,,이물검출_학습데이터2,validation
786,250411_141127764893.jpg,250411_141127764893.txt,김치+대상 객체,5,5,1,O,,,,수정 완료,라벨링 박스 맞춤,김동훈,지혜성,2026-10-07,,이물검출_학습데이터2,validation
787,250411_141549265009.jpg,250411_141549265009.txt,김치+대상 객체,5,5,1,O,,,,수정 완료,라벨링 박스 맞춤,김동훈,지혜성,2026-10-07,,이물검출_학습데이터2,validation
788,250411_141637675543.jpg,250411_141637675543.txt,김치+대상 객체,5,5,1,O,,,,수정 완료,라벨링 박스 맞춤,김동훈,지혜성,2026-10-07,,이물검출_학습데이터2,validation
789,250411_152820604579.jpg,250411_152820604579.txt,김치+대상 객체,5,5,"1, 2, 3",O,,,,수정 완료,라벨링 박스 맞춤,김동훈,지혜성,2026-10-07,,이물검출_학습데이터2,validation
790,250411_153254824777.jpg,250411_153254824777.txt,김치+대상 객체,5,5,"1, 2",O,,,,검수 완료,,김동훈,지혜성,2026-10-07,,이물검출_학습데이터2,validation
791,250411_153856079886.jpg,250411_153856079886.txt,김치+대상 객체,5,5,"0, 1, 3",O,,,,수정 완료,라벨링 박스 맞춤,김동훈,지혜성,2026-10-07,,이물검출_학습데이터2,validation
792,250411_154859817171.jpg,250411_154859817171.txt,김치+대상 객체,5,5,5,O,,,,검수 완료,,김동훈,지혜성,2026-10-07,,이물검출_학습데이터2,validation
793,250411_155213979703.jpg,250411_155213979703.txt,김치+대상 객체,5,5,5,O,,,,수정 완료,라벨링 박스 맞춤,김동훈,지혜성,2026-10-07,,이물검출_학습데이터2,validation
794,250411_160333681517.jpg,250411_160333681517.txt,김치+대상 객체,5,5,5,O,,,,수정 완료,라벨링 박스 맞춤,김동훈,지혜성,2026-10-07,,이물검출_학습데이터2,validation
795,250411_160845945710.jpg,250411_160845945710.txt,김치+대상 객체,5,5,"0, 1, 5",O,,,,수정 완료,라벨링 박스 맞춤,김동훈,지혜성,2026-10-07,,이물검출_학습데이터2,validation
796,250411_161125175112.jpg,250411_161125175112.txt,김치+대상 객체,5,5,"1, 5",O,,,,검수 완료,,김동훈,지혜성,2026-10-07,,이물검출_학습데이터2,validation
797,250411_161204714653.jpg,250411_161204714653.txt,김치+대상 객체,5,5,"1, 2, 5",O,,,,수정 완료,라벨링 박스 맞춤,김동훈,지혜성,2026-10-07,,이물검출_학습데이터2,validation
798,250411_162102317297.jpg,250411_162102317297.txt,김치+대상 객체,5,5,"1, 3, 5",O,,,,수정 완료,라벨링 박스 맞춤,김동훈,지혜성,2026-10-07,,이물검출_학습데이터2,validation
799,250411_162400775089.jpg,250411_162400775089.txt,김치+대상 객체,5,5,"1, 3, 5",O,,,,수정 완료,라벨링 박스 맞춤,김동훈,지혜성,2026-10-07,,이물검출_학습데이터2,validation
800,250411_162535290470.jpg,250411_162535290470.txt,김치+대상 객체,5,5,"1, 2, 5",O,,,,검수 완료,,김동훈,지혜성,2026-10-07,,이물검출_학습데이터2,validation
801,250411_162846129980.jpg,250411_162846129980.txt,김치+대상 객체,5,5,"1, 5",O,,,,수정 완료,라벨링 박스 맞춤,김동훈,지혜성,2026-10-07,,이물검출_학습데이터2,validation
802,250411_163231309394.jpg,250411_163231309394.txt,김치+대상 객체,5,5,"1, 5",O,,,,검수 완료,,김동훈,지혜성,2026-10-07,,이물검출_학습데이터2,validation
803,250424_105826238840.jpg,250424_105826238840.txt,김치+대상 객체,5,5,2,O,,,,검수 완료,,김동훈,지혜성,2026-10-07,,이물검출_학습데이터2,validation
804,250424_110320866054.jpg,250424_110320866054.txt,김치+대상 객체,6,6,2,O,,,,검수 완료,,김동훈,지혜성,2026-10-07,,이물검출_학습데이터2,validation
805,250424_110344645163.jpg,250424_110344645163.txt,김치+대상 객체,6,6,2,O,,,,검수 완료,,김동훈,지혜성,2026-10-07,,이물검출_학습데이터2,validation
806,250424_110422490499.jpg,250424_110422490499.txt,김치+대상 객체,7,7,2,O,,,,수정 완료,라벨링 박스 맞춤,김동훈,지혜성,2026-10-07,,이물검출_학습데이터2,validation
807,250424_111106537338.jpg,250424_111106537338.txt,김치+대상 객체,5,5,2,O,,,,수정 완료,라벨링 박스 맞춤,김동훈,지혜성,2026-10-07,,이물검출_학습데이터2,validation
808,250424_111341945533.jpg,250424_111341945533.txt,김치+대상 객체,6,6,2,O,,,,수정 완료,,김동훈,지혜성,2026-10-07,,이물검출_학습데이터2,validation
809,250424_112256216378.jpg,250424_112256216378.txt,김치+대상 객체,10,12,"1, 2, 5",O,,,,수정 완료,라벨링 박스 맞춤 및 갈변 추가,김동훈,지혜성,2026-10-07,,이물검출_학습데이터2,validation
810,250424_112520861551.jpg,250424_112520861551.txt,김치+대상 객체,5,6,"0, 1, 2, 5",O,,,,수정 완료,병해 갈변 6번 추가,김동훈,지혜성,2026-10-07,,이물검출_학습데이터2,validation
811,250424_112553658191.jpg,250424_112553658191.txt,김치+대상 객체,5,6,"0, 1, 2, 5",O,,,,수정 완료,라벨링 박스 맞춤 및 6번 추가,김동훈,지혜성,2026-10-07,,이물검출_학습데이터2,validation
812,250424_112714928952.jpg,250424_112714928952.txt,김치+대상 객체,5,5,"1, 2, 3",O,,,,검수 완료,,김동훈,지혜성,2026-10-07,,이물검출_학습데이터2,validation
813,250424_113017660157.jpg,250424_113017660157.txt,김치+대상 객체,5,6,"1, 2, 3, 5",O,,,,수정 완료,"5번추가 , 라벨링 박스 맞춤",김동훈,지혜성,2026-10-07,,이물검출_학습데이터2,validation
814,250424_114354919791.jpg,250424_114354919791.txt,김치+대상 객체,7,7,"1, 5",O,,,,검수 완료,,김동훈,지혜성,2026-10-07,,이물검출_학습데이터2,validation
815,250424_114427299303.jpg,250424_114427299303.txt,김치+대상 객체,5,5,1,O,,,,검수 완료,,김동훈,지혜성,2026-10-07,,이물검출_학습데이터2,validation
816,250424_114541448139.jpg,250424_114541448139.txt,김치+대상 객체,6,6,"1, 5",O,,,,검수 완료,,김동훈,지혜성,2026-10-07,,이물검출_학습데이터2,validation
817,250424_114752056861.jpg,250424_114752056861.txt,김치+대상 객체,5,6,"1, 5",O,,,,수정 완료,"라벨링 박스 맞춤 , 5번 갈변 추가",김동훈,지혜성,2026-10-07,,이물검출_학습데이터2,validation
818,250424_131300572776.jpg,250424_131300572776.txt,김치+대상 객체,5,7,"0, 1, 5",O,,,,수정 완료,병해 갈변 추가 6번 7번,김동훈,지혜성,2026-10-07,,이물검출_학습데이터2,validation
819,250424_131447980205.jpg,250424_131447980205.txt,김치+대상 객체,6,7,"0, 1, 5",O,,,,수정 완료,7번 갈변 추가,김동훈,지혜성,2026-10-07,,이물검출_학습데이터2,validation
820,250424_131537176736.jpg,250424_131537176736.txt,김치+대상 객체,5,7,"1, 5",O,,,,수정 완료,6번 7번 추가 병해 갈변,김동훈,지혜성,2026-10-07,,이물검출_학습데이터2,validation
821,250424_131605365916.jpg,250424_131605365916.txt,김치+대상 객체,6,8,"1, 5",O,,,,수정 완료,7번 병해 갈변 추가 8번도 추가 뭔지 모르겠음,김동훈,지혜성,2026-10-07,,이물검출_학습데이터2,validation
822,250424_131740237196.jpg,250424_131740237196.txt,김치+대상 객체,6,7,"1, 2, 5",O,,,,수정 완료,7번 병 갈 추가,김동훈,지혜성,2026-10-07,,이물검출_학습데이터2,validation
823,250424_132417140373.jpg,250424_132417140373.txt,김치+대상 객체,5,6,"0, 1, 3, 5",O,,,,수정 완료,6번 추가  병해 갈변,김동훈,지혜성,2026-10-07,,이물검출_학습데이터2,validation
824,250424_133425417139.jpg,250424_133425417139.txt,김치+대상 객체,6,7,"0, 1, 5",O,,,,수정 완료,7번 추가,김동훈,지혜성,2026-10-07,,이물검출_학습데이터2,validation
825,250424_133503096161.jpg,250424_133503096161.txt,김치+대상 객체,6,7,"0, 5",O,,,,수정 완료,7번 추가 병해 갈변,김동훈,지혜성,2026-10-07,,이물검출_학습데이터2,validation
826,250424_133601135830.jpg,250424_133601135830.txt,김치+대상 객체,5,6,"0, 5",O,,,,수정 완료,6번 갈변 추가,김동훈,지혜성,2026-10-07,,이물검출_학습데이터2,validation
827,250424_133822721787.jpg,250424_133822721787.txt,김치+대상 객체,7,7,"0, 5",O,,,,검수 완료,,김동훈,지혜성,2026-10-07,,이물검출_학습데이터2,validation
828,250424_134528641228.jpg,250424_134528641228.txt,김치+대상 객체,6,6,"0, 1, 3, 5",O,,,,검수 완료,,김동훈,지혜성,2026-10-07,,이물검출_학습데이터2,validation
829,250424_134609468397.jpg,250424_134609468397.txt,김치+대상 객체,5,5,"0, 1, 2",O,,,,검수 완료,,김동훈,지혜성,2026-10-07,,이물검출_학습데이터2,validation
830,250424_134711838797.jpg,250424_134711838797.txt,김치+대상 객체,5,5,"0, 1, 2",O,,,,검수 완료,,김동훈,지혜성,2026-10-07,,이물검출_학습데이터2,validation
831,250424_135228979866.jpg,250424_135228979866.txt,김치+대상 객체,5,7,"0, 1, 5",O,,,,수정 완료,"라벨링 박스 맞춤 , 6 7 번 추가",김동훈,지혜성,2026-10-07,,이물검출_학습데이터2,validation
832,250424_135437428949.jpg,250424_135437428949.txt,김치+대상 객체,5,5,"0, 1",O,,,,수정 완료,4번 라벨링 맞춤,김동훈,지혜성,2026-10-07,,이물검출_학습데이터2,validation
833,250424_140147957962.jpg,250424_140147957962.txt,김치+대상 객체,7,9,"0, 1, 2, 3, 5",O,,,,수정 완료,8 번 9 번 추가함,김동훈,지혜성,2026-10-07,8번에 나뭇가지인지 확인좀,이물검출_학습데이터2,validation
834,250424_140927386469.jpg,250424_140927386469.txt,김치+대상 객체,5,10,"0, 5",O,,,,수정 완료,6~10 추가,김동훈,지혜성,2026-10-07,,이물검출_학습데이터2,validation
835,250424_141008289141.jpg,250424_141008289141.txt,김치+대상 객체,5,5,0,O,,,,검수 완료,,김동훈,지혜성,2026-10-07,,이물검출_학습데이터2,validation
836,250424_141046132793.jpg,250424_141046132793.txt,김치+대상 객체,7,7,"0, 5",O,,,,검수 완료,,김동훈,지혜성,2026-10-07,,이물검출_학습데이터2,validation
837,250424_141117326057.jpg,250424_141117326057.txt,김치+대상 객체,5,5,0,O,,,,검수 완료,,김동훈,지혜성,2026-10-07,,이물검출_학습데이터2,validation
838,250424_141906362111.jpg,250424_141906362111.txt,김치+대상 객체,5,5,0,O,,,,검수 완료,,김동훈,지혜성,2026-10-07,,이물검출_학습데이터2,validation
839,250424_143312128093.jpg,250424_143312128093.txt,김치+대상 객체,6,6,"0, 1, 2, 3, 5",O,,,,검수 완료,,김동훈,지혜성,2026-10-07,,이물검출_학습데이터2,validation
840,250424_143454496733.jpg,250424_143454496733.txt,김치+대상 객체,5,5,"0, 1, 2, 3",O,,,,검수 완료,,김동훈,지혜성,2026-10-07,,이물검출_학습데이터2,validation
841,250424_150358295363.jpg,250424_150358295363.txt,김치+대상 객체,5,5,2,O,,,,검수 완료,,김동훈,지혜성,2026-10-07,,이물검출_학습데이터2,validation
842,250424_150428766903.jpg,250424_150428766903.txt,김치+대상 객체,6,6,"2, 5",O,,,,검수 완료,,김동훈,지혜성,2026-10-07,,이물검출_학습데이터2,validation
843,250424_150657426032.jpg,250424_150657426032.txt,김치+대상 객체,6,6,"2, 5",O,,,,검수 완료,,김동훈,지혜성,2026-10-07,,이물검출_학습데이터2,validation
844,250424_150822430768.jpg,250424_150822430768.txt,김치+대상 객체,6,7,"2, 5",O,,,,수정 완료,7번 갈변 추가,김동훈,지혜성,2026-10-07,,이물검출_학습데이터2,validation
845,250424_151011160174.jpg,250424_151011160174.txt,김치+대상 객체,6,6,"2, 5",O,,,,수정 완료,,김동훈,지혜성,2026-10-07,,이물검출_학습데이터2,validation
846,250424_151403291574.jpg,250424_151403291574.txt,김치+대상 객체,4,4,2,O,,,,검수 완료,,김동훈,지혜성,2026-10-07,,이물검출_학습데이터2,validation
847,250424_151540089453.jpg,250424_151540089453.txt,김치+대상 객체,5,5,2,O,,,,검수 완료,,김동훈,지혜성,2026-10-07,,이물검출_학습데이터2,validation
848,250424_152501766895.jpg,250424_152501766895.txt,김치+대상 객체,5,5,"1, 2",O,,,,검수 완료,,김동훈,지혜성,2026-10-07,,이물검출_학습데이터2,validation
849,250424_152845371656.jpg,250424_152845371656.txt,김치+대상 객체,5,5,"0, 1, 2",O,,,,검수 완료,,김동훈,지혜성,2026-10-07,,이물검출_학습데이터2,validation
850,250424_152915766700.jpg,250424_152915766700.txt,김치+대상 객체,5,5,"0, 1, 2",O,,,,검수 완료,,김동훈,지혜성,2026-10-07,,이물검출_학습데이터2,validation
851,250424_153231474040.jpg,250424_153231474040.txt,김치+대상 객체,5,5,"1, 2, 3",O,,,,검수 완료,,김동훈,지혜성,2026-10-07,,이물검출_학습데이터2,validation
852,250424_153311253394.jpg,250424_153311253394.txt,김치+대상 객체,5,5,"1, 2, 3",O,,,,검수 완료,,김동훈,지혜성,2026-10-07,,이물검출_학습데이터2,validation
853,250424_153617318943.jpg,250424_153617318943.txt,김치+대상 객체,5,5,"1, 2, 3",O,,,,검수 완료,,김동훈,지혜성,2026-10-07,,이물검출_학습데이터2,validation
854,250424_154345201732.jpg,250424_154345201732.txt,김치+대상 객체,5,5,3,O,,,,검수 완료,,김동훈,지혜성,2026-10-07,,이물검출_학습데이터2,validation
855,250424_154617146128.jpg,250424_154617146128.txt,김치+대상 객체,5,5,3,O,,,,검수 완료,,김동훈,지혜성,2026-10-07,,이물검출_학습데이터2,validation
856,250424_154812782976.jpg,250424_154812782976.txt,김치+대상 객체,5,5,3,O,,,,검수 완료,,김동훈,지혜성,2026-10-07,,이물검출_학습데이터2,validation
857,250424_155103672911.jpg,250424_155103672911.txt,김치+대상 객체,4,4,3,O,,,,검수 완료,,김동훈,지혜성,2026-10-07,,이물검출_학습데이터2,validation
858,250424_155623994647.jpg,250424_155623994647.txt,김치+대상 객체,5,5,"0, 1, 3",O,,,,검수 완료,,김동훈,지혜성,2026-10-07,,이물검출_학습데이터2,validation
859,250424_155647704752.jpg,250424_155647704752.txt,김치+대상 객체,5,5,"1, 3",O,,,,검수 완료,,김동훈,지혜성,2026-10-07,,이물검출_학습데이터2,validation
860,250424_155903753937.jpg,250424_155903753937.txt,김치+대상 객체,5,5,"1, 3",O,,,,검수 완료,,김동훈,지혜성,2026-10-07,,이물검출_학습데이터2,validation
861,250424_160024860603.jpg,250424_160024860603.txt,김치+대상 객체,5,5,"1, 2, 3",O,,,,검수 완료,,김동훈,지혜성,2026-10-07,,이물검출_학습데이터2,validation
862,250424_160514972268.jpg,250424_160514972268.txt,김치+대상 객체,5,5,"1, 2, 3",O,,,,검수 완료,,김동훈,지혜성,2026-10-07,,이물검출_학습데이터2,validation
863,250424_164108548301.jpg,250424_164108548301.txt,김치+대상 객체,5,5,0,O,,,,검수 완료,,김동훈,지혜성,2026-10-07,,이물검출_학습데이터2,validation
864,250424_164139809945.jpg,250424_164139809945.txt,김치+대상 객체,5,5,0,O,,,,검수 완료,,김동훈,지혜성,2026-10-07,,이물검출_학습데이터2,validation
865,250424_164235214851.jpg,250424_164235214851.txt,김치+대상 객체,5,5,0,O,,,,검수 완료,,김동훈,지혜성,2026-10-07,,이물검출_학습데이터2,validation
866,250424_164608823093.jpg,250424_164608823093.txt,김치+대상 객체,5,5,0,O,,,,검수 완료,,김동훈,지혜성,2026-10-07,,이물검출_학습데이터2,validation
867,250424_165356368327.jpg,250424_165356368327.txt,김치+대상 객체,5,5,"0, 1",O,,,,검수 완료,,김동훈,지혜성,2026-10-07,,이물검출_학습데이터2,validation
868,250424_165805730646.jpg,250424_165805730646.txt,김치+대상 객체,5,5,"0, 1, 2",O,,,,검수 완료,,김동훈,지혜성,2026-10-07,,이물검출_학습데이터2,validation
869,250424_170349029554.jpg,250424_170349029554.txt,김치+대상 객체,5,5,"0, 1, 3",O,,,,검수 완료,,김동훈,지혜성,2026-10-07,,이물검출_학습데이터2,validation
870,250424_170546955381.jpg,250424_170546955381.txt,김치+대상 객체,5,5,"0, 1, 2",O,,,,검수 완료,,김동훈,지혜성,2026-10-07,,이물검출_학습데이터2,validation
871,250513_021719424551.jpg,250513_021719424551.txt,대상 객체 단독,4,4,3,O,,,,검수 완료,,김동훈,지혜성,2026-10-07,,이물검출_학습데이터2,validation
872,250513_021732352571.jpg,250513_021732352571.txt,대상 객체 단독,3,3,"1, 2, 3",O,,,,검수 완료,,김동훈,지혜성,2026-10-07,,이물검출_학습데이터2,validation
873,250513_021739998611.jpg,250513_021739998611.txt,대상 객체 단독,3,3,"1, 2, 3",O,,,,검수 완료,,김동훈,지혜성,2026-10-07,,이물검출_학습데이터2,validation
874,250513_021752644486.jpg,250513_021752644486.txt,대상 객체 단독,4,4,"2, 3",O,,,,검수 완료,,김동훈,지혜성,2026-10-07,,이물검출_학습데이터2,validation
875,250513_021804963969.jpg,250513_021804963969.txt,대상 객체 단독,3,3,"2, 3",O,,,,검수 완료,,김동훈,지혜성,2026-10-07,,이물검출_학습데이터2,validation
876,250513_021827419874.jpg,250513_021827419874.txt,대상 객체 단독,4,4,"2, 3",O,,,,검수 완료,,김동훈,지혜성,2026-10-07,,이물검출_학습데이터2,validation
877,250513_021837552190.jpg,250513_021837552190.txt,대상 객체 단독,4,4,"1, 2, 3",O,,,,검수 완료,,김동훈,지혜성,2026-10-07,,이물검출_학습데이터2,validation
878,250513_021851164524.jpg,250513_021851164524.txt,대상 객체 단독,3,3,"1, 3",O,,,,검수 완료,,김동훈,지혜성,2026-10-07,,이물검출_학습데이터2,validation
879,250513_021900840954.jpg,250513_021900840954.txt,대상 객체 단독,3,3,"1, 2, 3",O,,,,검수 완료,,김동훈,지혜성,2026-10-07,,이물검출_학습데이터2,validation
880,250513_021911942196.jpg,250513_021911942196.txt,대상 객체 단독,3,3,"1, 2",O,,,,검수 완료,,김동훈,지혜성,2026-10-07,,이물검출_학습데이터2,validation
881,250513_021922770294.jpg,250513_021922770294.txt,대상 객체 단독,3,3,"0, 1",O,,,,검수 완료,,김동훈,지혜성,2026-10-07,,이물검출_학습데이터2,validation
882,250513_021933338649.jpg,250513_021933338649.txt,대상 객체 단독,4,4,"0, 1",O,,,,검수 완료,,김동훈,지혜성,2026-10-07,,이물검출_학습데이터2,validation
883,250513_021942681060.jpg,250513_021942681060.txt,대상 객체 단독,3,3,"0, 1",O,,,,검수 완료,,김동훈,지혜성,2026-10-07,,이물검출_학습데이터2,validation
884,250513_021952888560.jpg,250513_021952888560.txt,대상 객체 단독,2,2,1,O,,,,검수 완료,,김동훈,지혜성,2026-10-07,,이물검출_학습데이터2,validation
885,250513_022002033052.jpg,250513_022002033052.txt,대상 객체 단독,1,1,1,O,,,,검수 완료,,김동훈,지혜성,2026-10-07,,이물검출_학습데이터2,validation
886,250513_022020042401.jpg,250513_022020042401.txt,대상 객체 단독,3,3,"0, 1",O,,,,검수 완료,,김동훈,지혜성,2026-10-07,,이물검출_학습데이터2,validation
887,250513_022029312836.jpg,250513_022029312836.txt,대상 객체 단독,3,3,"1, 2",O,,,,검수 완료,,김동훈,지혜성,2026-10-07,,이물검출_학습데이터2,validation
888,250513_022041431304.jpg,250513_022041431304.txt,대상 객체 단독,4,4,"1, 2, 3",O,,,,검수 완료,,김동훈,지혜성,2026-10-07,,이물검출_학습데이터2,validation
889,250513_022057115759.jpg,250513_022057115759.txt,대상 객체 단독,3,3,"1, 2",O,,,,검수 완료,,김동훈,지혜성,2026-10-07,,이물검출_학습데이터2,validation
890,250513_022118763062.jpg,250513_022118763062.txt,대상 객체 단독,3,3,"1, 2, 3",O,,,,검수 완료,,김동훈,지혜성,2026-10-07,,이물검출_학습데이터2,validation
891,250513_022131908234.jpg,250513_022131908234.txt,대상 객체 단독,2,2,3,O,,,,검수 완료,,김동훈,지혜성,2026-10-07,,이물검출_학습데이터2,validation
892,250513_022144941639.jpg,250513_022144941639.txt,대상 객체 단독,2,2,"1, 2",O,,,,검수 완료,,김동훈,지혜성,2026-10-07,,이물검출_학습데이터2,validation
893,250513_022210287197.jpg,250513_022210287197.txt,대상 객체 단독,3,3,0,O,,,,검수 완료,,김동훈,지혜성,2026-10-07,,이물검출_학습데이터2,validation
894,250513_022220095831.jpg,250513_022220095831.txt,대상 객체 단독,3,3,0,O,,,,검수 완료,,김동훈,지혜성,2026-10-07,,이물검출_학습데이터2,validation
895,250513_022233676410.jpg,250513_022233676410.txt,대상 객체 단독,4,4,"0, 1, 2",O,,,,검수 완료,,김동훈,지혜성,2026-10-07,,이물검출_학습데이터2,validation
896,250513_022341564846.jpg,250513_022341564846.txt,대상 객체 단독,3,3,1,O,,,,검수 완료,,김동훈,지혜성,2026-10-07,,이물검출_학습데이터2,validation
897,250513_022352029211.jpg,250513_022352029211.txt,대상 객체 단독,3,3,1,O,,,,검수 완료,,김동훈,지혜성,2026-10-07,,이물검출_학습데이터2,validation
898,250513_022402086607.jpg,250513_022402086607.txt,대상 객체 단독,4,4,"0, 1",O,,,,검수 완료,,김동훈,지혜성,2026-10-07,,이물검출_학습데이터2,validation
899,250513_022416739467.jpg,250513_022416739467.txt,대상 객체 단독,2,2,"0, 1",O,,,,검수 완료,,김동훈,지혜성,2026-10-07,,이물검출_학습데이터2,validation
900,250513_022444165179.jpg,250513_022444165179.txt,대상 객체 단독,7,7,"0, 1, 2",O,,,,검수 완료,,김동훈,지혜성,2026-10-07,,이물검출_학습데이터2,validation
